id,created_at,date,time,timezone,user_id,username,name,tweet,language,link,retweet,sentiment
1.52E+18,2022-05-02 18:14:04 Turkey Standard Time,5/2/2022,18:14:04,300,2482244119,balib_art,Balibart.,RISD Continuing Education Returns to In-Person Classes This Summer and Expands Its Online Offerings  https://t.co/ZpbEeg33FJ  https://t.co/KA2xukzCKI,en,https://twitter.com/Balib_art/status/1521146008419266560,FALSE,2
1.52E+18,2022-05-02 18:13:13 Turkey Standard Time,5/2/2022,18:13:13,300,559889618,jameschudspeth,"James Hudspeth, MD, FACP","As a medical educator, I really love the ""new"" (ie I just did for the 1st time) AHA online BLS approach. Adaptive exam approach w/ interleaving &amp; ranking your confidence in answers - evidence based education! Nicely done @American_Heart  #MedTwitter  https://t.co/KwQxZHQAkg",en,https://twitter.com/JamesCHudspeth/status/1521145793708761090,FALSE,1
1.52E+18,2022-05-02 18:12:53 Turkey Standard Time,5/2/2022,18:12:53,300,1.32E+18,nvidiahealth,NVIDIA Healthcare,"On May 9th, 9am - 1pm BST, join Dr Mark Hall hosting an online AI Education meeting on the Scottish Radiology Transformation Programme. Hear experts cover different aspects of #AI projects underway in the NHS in Scotland. Register:  https://t.co/U8iGo6kmOQ",en,https://twitter.com/NVIDIAHealth/status/1521145710896304130,FALSE,2
1.52E+18,2022-05-02 18:11:05 Turkey Standard Time,5/2/2022,18:11:05,300,8.89E+17,getthatrightgtr,Get That Right,Masterclass Review: The Ultimate Platform For Online Courses  https://t.co/NFR70tOGCQ #education #learning,en,https://twitter.com/getthatrightgtr/status/1521145258393935872,FALSE,2
1.52E+18,2022-05-02 18:09:26 Turkey Standard Time,5/2/2022,18:09:26,300,1.47E+18,markereth,jijs.eth,RISD Continuing Education Returns to In-Person Classes This Summer and Expands Its Online Offerings  https://t.co/xXdk3utASm  https://t.co/JJUJflzoyp,en,https://twitter.com/markereth/status/1521144843589853192,FALSE,2
1.52E+18,2022-05-02 18:09:02 Turkey Standard Time,5/2/2022,18:09:02,300,3318010015,iumphd,My Public Health Direct,Preparing for graduate school over the summer? Follow @iumphd on Twitter and Facebook for best practices and resources when applying for online graduate education at the IU Bloomington School of Public Health.  https://t.co/CS2VOY2Bzb,en,https://twitter.com/iumphd/status/1521144739386609664,FALSE,2
1.52E+18,2022-05-02 18:07:54 Turkey Standard Time,5/2/2022,18:07:54,300,7.37E+17,unescoeu,UNESCO EU,ð´'#Education is ð &amp; we need to double down on that to tackle the content moderation online. we can build a safer environment but it comes down to the usersâ behaviour'.   - @GG_Parra (@alai_lat) at the #SocialMedia4Peace session during #WorldPressFreedomDay Conference.  https://t.co/MfpBYAVtJu,en,https://twitter.com/UNESCOEU/status/1521144455247667201,FALSE,3
1.52E+18,2022-05-02 18:07:47 Turkey Standard Time,5/2/2022,18:07:47,300,186472837,mediarings,Zoltan Szabo,RISD Continuing Education Returns to In-Person Classes This Summer and Expands Its Online Offerings  https://t.co/6w2qcwSduZ #artist #designthinking #photography #photo #GraphicDesign #craftsman,en,https://twitter.com/MediaRings/status/1521144426776645632,FALSE,2
1.52E+18,2022-05-02 18:07:33 Turkey Standard Time,5/2/2022,18:07:33,300,94812639,ggarcialutz,Gustavo Garcia Lutz,Good online learning â learning design  https://t.co/DpoOd5Ypyf #education #feedly,en,https://twitter.com/ggarcialutz/status/1521144368668844033,FALSE,1
1.52E+18,2022-05-02 18:07:06 Turkey Standard Time,5/2/2022,18:07:06,300,415405630,ucl_holocaust,Holocaust Education,"2,180+ secondary teachers in England have completed our short, online, self-guided CPD &amp; in doing secured a FREE class set of our research-informed textbook 'Understanding the Holocaust: how &amp; why did it happen?'.  Complete course &amp; secure your set  â¬ï¸  https://t.co/dTEzm0umde RT  https://t.co/aWi92wapZN",en,https://twitter.com/UCL_Holocaust/status/1521144255649091584,FALSE,2
1.52E+18,2022-05-02 18:07:01 Turkey Standard Time,5/2/2022,18:07:01,300,74732486,compugeninc,Compugen Inc.,"Teams got you down? Weâve got your back. For educators using online learning platforms, we have tips and tricks for success Join Adrienne as she explains how you can optimize your organization strategy in teams for easy use.    https://t.co/jjpRtHs9EM #education @MicrosoftEduCA",en,https://twitter.com/CompugenInc/status/1521144233041747968,FALSE,2
1.52E+18,2022-05-02 18:06:02 Turkey Standard Time,5/2/2022,18:06:02,300,1.21E+18,the_masterpicks,Masterpicks,RISD Continuing Education Returns to In-Person Classes This Summer and Expands Its Online Offerings  https://t.co/766mOn47Tx,en,https://twitter.com/The_Masterpicks/status/1521143987645517830,FALSE,2
1.52E+18,2022-05-02 18:05:46 Turkey Standard Time,5/2/2022,18:05:46,300,1.48E+18,designartkriti,Ram Hoshla Gond,"RISD Continuing Education Returns to In-Person Classes This Summer and Expands Its Online Offerings RISD Continuing Education Returns to In-Person Classes This Summer and Expands Its OnlineÂ Offerings  #sponsor âUntitled,â oil on wood, by RISD...  https://t.co/hgYpDjCYdb",en,https://twitter.com/Designartkriti/status/1521143918779375617,FALSE,2
1.52E+18,2022-05-02 18:05:32 Turkey Standard Time,5/2/2022,18:05:32,300,1476742116,personalfitnes3,PersonalFitness3ðð»ââï¸,"CONNECTIONS ACADEMY ð»ð©ð»âð»ð¨âð»ð©ð¿âð» Online #School Real-World Results ð¨ð¿âð«ð¨âð«ð©ð»âð«ð©ð¾âð«ð¨ð»âð« Connections Academyâs tuition-free #online public K-12 school partners w/ parents providing students w/ engaging, high-quality education in a safe learning environment.  https://t.co/Ln0s7mi0LR",en,https://twitter.com/personalfitnes3/status/1521143861225177090,FALSE,1
1.52E+18,2022-05-02 18:05:31 Turkey Standard Time,5/2/2022,18:05:31,300,415405630,ucl_holocaust,Holocaust Education,"Our 3/8 online modules, 'Nazi antisemitism: Where did it come from?', takes place 9 May. It will explore the roots of this historic prejudice, focussing on the deep history of the âlongest hatredâ &amp; identifying myths &amp; falsities that underpinned it.  https://t.co/htA6i67cLc RT  https://t.co/1IhyO6WTUW",en,https://twitter.com/UCL_Holocaust/status/1521143856271659010,FALSE,2
1.52E+18,2022-05-02 18:03:56 Turkey Standard Time,5/2/2022,18:03:56,300,103066233,publicdiscourse,Public Discourse,"Social, Political Animals: Embodied Learning and the Limits of Online Education  https://t.co/0iszktZwhc",en,https://twitter.com/PublicDiscourse/status/1521143459603750913,FALSE,2
1.52E+18,2022-05-02 18:03:01 Turkey Standard Time,5/2/2022,18:03:01,300,96888699,hksexeced,HKS Exec Education,"Faculty Chair @ERosenbach discusses key reasons to attend the #HKSEE online program Senior Executives in National and International Security. Apply by May 6, 2022.  https://t.co/FoWKcHYUpc",en,https://twitter.com/HKSExecEd/status/1521143229088940032,FALSE,3
1.52E+18,2022-05-02 18:01:24 Turkey Standard Time,5/2/2022,18:01:24,300,77738172,irelandactive,Ireland Active,"ðï¸ Pool Plant Foundation Course   ðTuesday 21st June 2022  â°09.00am - 1.00pm  ðOnline â¡ï¸To book, email alma.osmic@irelandactive.ie ðFor more:  https://t.co/eRpKfTTeiy  #education #learning #sportireland #irelandactive #swimmingpools #spa #pools #water  https://t.co/9k3IMPdSbE",en,https://twitter.com/irelandactive/status/1521142820823867393,FALSE,2
1.52E+18,2022-05-02 18:00:39 Turkey Standard Time,5/2/2022,18:00:39,300,14693622,olctoday,OLC,"OLC &amp; SUNY have released an update to the free OLC OSCQR Course Design Review Scorecard! This is the 1st online course quality rubric to account for recent U.S. DoE RSI regulatory requirements for online &amp; distance education. Download it for free, today -  https://t.co/mI1viW3nCM  https://t.co/GoJIxu9ECZ",en,https://twitter.com/OLCToday/status/1521142632721924096,FALSE,2
1.52E+18,2022-05-02 18:00:32 Turkey Standard Time,5/2/2022,18:00:32,300,1.15E+18,usccounselor,USC Rossier ME in School Counseling online,The SC online program at USC Rossier prepares candidates to enter the K-12 education field in a variety of ways. Explore program cost information so you can take the next step in making a positive difference in the lives of students.  https://t.co/aaq7mv5opi  https://t.co/alhrUIBzpJ,en,https://twitter.com/USCCounselor/status/1521142601860227072,FALSE,2
1.52E+18,2022-05-02 18:00:26 Turkey Standard Time,5/2/2022,18:00:26,300,1.06E+18,canadavacancies,Vacancies in Canada,EDL 819 - Organizational Theory in Education (Online/Web Delivery) - Summer 2022  https://t.co/j2ITxJi6Bp,en,https://twitter.com/CanadaVacancies/status/1521142576925102080,FALSE,2
1.52E+18,2022-05-02 17:55:23 Turkey Standard Time,5/2/2022,17:55:23,300,1.52E+18,1000xmetaverse,1000xmetaverse,"Thanks to the education portal that is being prepared, it both learns and earns. The portal will be online in 2 days ðSelecting region before #cmc and #cg ð with potential ð%2 hodl reward Graphic  https://t.co/Iln47u2M4x   https://t.co/7Mf76ulwGY  #Ceek #RACA #DKS  #Metaverse  https://t.co/2jiaXvdabV",en,https://twitter.com/1000xmetaverse/status/1521141307443490816,FALSE,1
1.52E+18,2022-05-02 17:54:39 Turkey Standard Time,5/2/2022,17:54:39,300,1.32E+18,japhetmarcus,RAHUL For INDIAð¤â,"@ARanganathan72 @vikramsampath Off late we have several jerks spewing idiocy at freewill without any fear, remorse or shame. Thanks to the Indian WhatsApp university education is on your finger tips 24x7 online, for all and almost free. ð¤£ð¤£ð",en,https://twitter.com/JaphetMarcus/status/1521141121920819200,FALSE,1
1.52E+18,2022-05-02 17:48:57 Turkey Standard Time,5/2/2022,17:48:57,300,1.47E+18,group_kq,KQ education group,MIT Technology Reviewâs Future Compute live and online thisÂ week  https://t.co/QGFO1AYYyJ,en,https://twitter.com/group_kq/status/1521139688035303424,FALSE,1
1.52E+18,2022-05-02 17:47:27 Turkey Standard Time,5/2/2022,17:47:27,300,87562731,gobou1035,SayWhat!,@BetoORourke Also the problem with low scores is due to teachers union working against parents. Online teaching is a skill that teachers need to embrace develop lessons accordingly. The teachers union is a major roadblock to education. Abolish the teacher,en,https://twitter.com/gobou1035/status/1521139311336464385,FALSE,0
1.52E+18,2022-05-02 17:45:30 Turkey Standard Time,5/2/2022,17:45:30,300,7.54E+17,womenanddrones,WomenandDrones,#STEM education and #drones is the topic of our Tuesday Coffee Connections online networking session. Meet two women who are making sure girls get in the game! We'd love to have you join us  &gt;  https://t.co/gi1JJaqBcb #womenanddrones #DiversityandInclusion,en,https://twitter.com/WomenandDrones/status/1521138817289306115,FALSE,1
1.52E+18,2022-05-02 17:36:05 Turkey Standard Time,5/2/2022,17:36:05,300,8.45E+17,levirickert1,Native News Online,Native American Students Will Have Tuition and Fees Waived at University of California Beginning in Fall 2022 | Education  https://t.co/SpLSmMCrkm,en,https://twitter.com/LeviRickert1/status/1521136450871377920,FALSE,3
1.52E+18,2022-05-02 17:29:13 Turkey Standard Time,5/2/2022,17:29:13,300,1.47E+18,prakatum2,Bern Pauler,"The results I got in BitDegree's Career Quiz helped me get to know my workplace personality â and I got a free online course for completing it, too! Try the Quiz for yourself â let's compare our results!  https://t.co/l3oBUOJ0Gl #education #quiz #career via @bitdegree_org",en,https://twitter.com/prakatum2/status/1521134720087588864,FALSE,2
1.52E+18,2022-05-02 17:25:22 Turkey Standard Time,5/2/2022,17:25:22,300,1.21E+18,redfox_edtech,Red Fox Education | Online British School,"Many students think it is important to have an accent and that gets you extra marks, but it is the exact opposite. To know more, join our IELTS speaking course.  https://t.co/VeICC4c2td  #IELTSexam #IELTS #IELTStips #IELTSprep #accent #RedFoxEducation #EducationForABetterLife  https://t.co/EaRfk0WSCM",en,https://twitter.com/RedFox_EdTech/status/1521133750717153288,FALSE,2
1.52E+18,2022-05-02 17:24:16 Turkey Standard Time,5/2/2022,17:24:16,300,1.04E+18,northdakotacte,North Dakota Career and Technical Education,The May 2022 edition of the North Dakota Career and Technical Education Newsletter is available online:  https://t.co/By7EgYLnDD  https://t.co/AbJtT9YSvo,en,https://twitter.com/NorthDakotaCTE/status/1521133477193822209,FALSE,2
1.52E+18,2022-05-02 17:23:59 Turkey Standard Time,5/2/2022,17:23:59,300,1.26E+18,anithak52194093,Anitha Kumar,JAIN Online to organize mega virtual job fair âConnect to Careersâ for job aspirants â India Education | Latest Education News | Global Educational News | Recent Educational News   https://t.co/Se5eBHH8bS   #byjUs #edtech,en,https://twitter.com/AnithaK52194093/status/1521133404997234690,FALSE,2
1.52E+18,2022-05-02 17:22:25 Turkey Standard Time,5/2/2022,17:22:25,300,1.17E+18,your_jittu,Jit Chakraborty,"The effect of online exam &amp; online class ð¥´ And secondly, what is the benefit of that education if there is no job from it???",en,https://twitter.com/your_jittu/status/1521133011877564417,FALSE,0
1.52E+18,2022-05-02 17:21:16 Turkey Standard Time,5/2/2022,17:21:16,300,1.48E+18,yoncamermerci,Online Professional Certificate Programs,Education Purpose 1  https://t.co/YExADXE2hQ,en,https://twitter.com/YoncaMermerci/status/1521132721401180161,FALSE,2
1.52E+18,2022-05-02 17:20:23 Turkey Standard Time,5/2/2022,17:20:23,300,1.48E+18,yoncamermerci,Online Professional Certificate Programs,Hiring Quotas in HigherÂ Education  https://t.co/5SIyvCBMwI,en,https://twitter.com/YoncaMermerci/status/1521132499317014528,FALSE,2
1.52E+18,2022-05-02 17:19:58 Turkey Standard Time,5/2/2022,17:19:58,300,1.48E+18,yoncamermerci,Online Professional Certificate Programs,Deciding for higher education inÂ abroad  https://t.co/fYXKO9mA9k,en,https://twitter.com/YoncaMermerci/status/1521132393951809537,FALSE,2
1.52E+18,2022-05-02 17:19:58 Turkey Standard Time,5/2/2022,17:19:58,300,1.48E+18,yoncamermerci,Online Professional Certificate Programs,HESI+10 Webinar â Transformation of higher education postÂ COVID-19  https://t.co/oFylpnhmJD,en,https://twitter.com/YoncaMermerci/status/1521132393754775552,FALSE,2
1.52E+18,2022-05-02 17:15:04 Turkey Standard Time,5/2/2022,17:15:04,300,50687788,macys,Macy's,"To honor AAPI Month, Macyâs is committed to making a difference in the lives of @APIA_Scholars students by providing resources that increase access to higher education. You can help bring college access for APIA scholars by donating in-store or online.  https://t.co/HWuFI3yBJL  https://t.co/ahCc934v2m",en,https://twitter.com/Macys/status/1521131161652797440,FALSE,1
1.52E+18,2022-05-02 17:07:57 Turkey Standard Time,5/2/2022,17:07:57,300,147481705,quakefactor,QuakeFactor,"It's #NationalTeacherAppreciationWeek! ð Tap into over 140 years of USGS research in the form of lesson plans &amp; activities, podcasts, online lectures, videos &amp; animations, and much more â¡ï¸  https://t.co/VfjFjnrZHA    @USGS_YES  #teachers #education #k12 â¦  https://t.co/LBibS4CPm2",en,https://twitter.com/QuakeFactor/status/1521129368025812992,FALSE,2
1.52E+18,2022-05-02 17:07:33 Turkey Standard Time,5/2/2022,17:07:33,300,86836905,regonehealthfdn,Regional One Health,"Let us help you get ready for your new baby! Visit  https://t.co/SflzFBQTvr or call 901-545-8449 to register for our free childbirth education classes. This week we have an in-person tour of the maternity center and online âLabor, Birth &amp; Postpartum Careâ class.  https://t.co/bBGfeN0req",en,https://twitter.com/RegOneHealthFDN/status/1521129268511707138,FALSE,2
1.52E+18,2022-05-02 17:05:05 Turkey Standard Time,5/2/2022,17:05:05,300,738910476,sheg_stanford,Stanford History Education Group,Focused instruction helps students judge online sources:  https://t.co/h76SaLjxQq  https://t.co/jgUfyDco9P,en,https://twitter.com/SHEG_Stanford/status/1521128646739640321,FALSE,3
1.52E+18,2022-05-02 17:01:57 Turkey Standard Time,5/2/2022,17:01:57,300,1.50E+18,resistthelie,Resisty Lie Lie,"More and more teachers seem to be getting involved with ""learning for sustainability"" or ""global citizenship"" education these days, resources are in abundance online and of course on twitter..Par for the course it seems with the ""curriculum for excellence""  https://t.co/5H8vpoKBf8  https://t.co/eN7fq7cdm7",en,https://twitter.com/ResistTheLie/status/1521127858533548033,FALSE,3
1.52E+18,2022-05-02 17:01:45 Turkey Standard Time,5/2/2022,17:01:45,300,2803756776,lsuonline,LSU Online & Continuing Education,Starting off your week up close and personal with Mike the Tiger Monday! @MikeTheTiger  https://t.co/3NngbnVEIO,en,https://twitter.com/LSUOnline/status/1521127808155725826,FALSE,2
1.52E+18,2022-05-02 17:01:29 Turkey Standard Time,5/2/2022,17:01:29,300,191940348,tlccu,TLC Community Credit Union,"We have teamed up with KOFE to provide you with the resources and guidance to achieve financial success. Every month on the 2nd Wednesday, KOFE hosts financial education webinars. Register for this monthâs webinar online at:  https://t.co/6qpwgKR9A3. Insured by the NCUA.  https://t.co/roUFevpgOR",en,https://twitter.com/TLCCU/status/1521127742384844801,FALSE,2
1.52E+18,2022-05-02 17:00:47 Turkey Standard Time,5/2/2022,17:00:47,300,7.27E+17,mrsenelsonteach,Elizabeth Nelson,"MedCerts recently announced three new fully online education offerings! In addition to their existing 40+ certification training programs, these allow for a learning experience unlike any other online healthcare educator. Learn more:  https://t.co/w98xQMlHZQ  https://t.co/avGJRhl0wi",en,https://twitter.com/MrsENelsonTeach/status/1521127564189839361,FALSE,2
1.52E+18,2022-05-02 17:00:13 Turkey Standard Time,5/2/2022,17:00:13,300,1.48E+18,tngeography,Tamil Nadu Geography,"India is in cross roads, Indians have access to internet but without proper sex education/awareness, HIV infection among LGBT community is in steep raise due to advant of online dating. Many donot get tested or treated. If India does not take action now, it will be too late 2/2",en,https://twitter.com/TNGeography/status/1521127421898276865,FALSE,0
1.52E+18,2022-05-02 17:00:01 Turkey Standard Time,5/2/2022,17:00:01,300,221436145,gen_global_,Generation Global,"May has just begun, and what could be better than inviting your #students to learn and share about topics that are important to them ðEducation âHate Speech Online ðHealth &amp; Well-being ð« Culture, Beliefs &amp; Values ð±Fake News &amp; Social Media Book hereð  https://t.co/1k0Ff4jy3w  https://t.co/SU6Rw7PlCv",en,https://twitter.com/Gen_Global_/status/1521127372711415810,FALSE,3
1.52E+18,2022-05-02 17:00:00 Turkey Standard Time,5/2/2022,17:00:00,300,15346572,onlinesentinel,Morning Sentinel,"Hart- to- Hart Farm &amp; Education Center hosts event in partnership with ShineOnCass, a group honoring Cassidy Jean Charette, to support Humane Society Waterville Area.   https://t.co/Q4BgVaM2hd  https://t.co/5pKczFOAJJ",en,https://twitter.com/OnlineSentinel/status/1521127368588361729,FALSE,3
1.52E+18,2022-05-02 16:58:53 Turkey Standard Time,5/2/2022,16:58:53,300,1.50E+18,manish_mnkr,Manish Kumar,I want to undertand what is happening in maharashtra education system..@samant_uday Blamimg VC's and VC's blaming govt of maharashtra for not taking of online exam..in between them we students are crushed..@CMOMaharashtra #OnlineExamForAllMaharashtraUniversities  @BSKoshyari,en,https://twitter.com/manish_mnkr/status/1521127086139731968,FALSE,0
1.52E+18,2022-05-02 16:57:49 Turkey Standard Time,5/2/2022,16:57:49,300,4220493922,pelcroinc,Pelcro,"One year ago, Pelcro was selected to be a key technology partner for Education Week's website transformation. Following the migration, Edweek has experienced unprecedented results with an increase of 24% in new sales online! ð  Read the case study:  https://t.co/iTV5gfcKC5  https://t.co/NoQhG5K3hj",en,https://twitter.com/pelcroinc/status/1521126819004661760,FALSE,2
1.52E+18,2022-05-02 16:56:53 Turkey Standard Time,5/2/2022,16:56:53,300,542726288,oladipupoiyowun,Oladipupo O. Iyowun,@PaulElijas Google and online education has shown to be better than the university education especially in a country where the ASUU strikes is yearly,en,https://twitter.com/Oladipupoiyowun/status/1521126583729369094,FALSE,1
1.52E+18,2022-05-02 16:54:00 Turkey Standard Time,5/2/2022,16:54:00,300,34442820,ntcatholic,North Texas Catholic,"On Good Shepherd Sunday, May 8, a special collection will raise funds for seminarian education for the 23 @FWdiocese seminarians.  A portion is sent to support formation in religious orders.  Give during the special collection in your parish or online at  https://t.co/rjfLqlRNU4  https://t.co/waQE6e0ciu",en,https://twitter.com/NTCatholic/status/1521125857321910272,FALSE,3
1.52E+18,2022-05-02 16:44:12 Turkey Standard Time,5/2/2022,16:44:12,300,1.51E+18,eshadas81451488,Esha Das,"COVID-19 has already excluded womes out of education, why Colleges doing it same.  Conduct exam online #JaisiShikshaVaisiPariksha",en,https://twitter.com/EshaDas81451488/status/1521123391276683264,FALSE,0
1.52E+18,2022-05-02 16:42:57 Turkey Standard Time,5/2/2022,16:42:57,300,4480667967,ijcrsee,IJCRSEE,"ArsenijeviÄ, J., et al. (2022). The Quality of Online Higher Education Teaching During the Covid-19 Pandemic. International Journal of Cognitive Research in Science, Engineering and Education (IJCRSEE), 10(1), 47â55.  https://t.co/EO7iBVrg6G  https://t.co/NV4hLp7OI1",en,https://twitter.com/IJCRSEE/status/1521123075844157441,FALSE,3
1.52E+18,2022-05-02 16:41:02 Turkey Standard Time,5/2/2022,16:41:02,300,2960269030,chadwhitemanfl,Chad Whiteman â­,"I was having this conversation with someone yesterday. I dropped a gem.. ""Free education is free.""   If you're bored, you can take free courses online. Learn some shit.   If nothing else, and the topics don't interest you, you can at least learn how the structures work.  https://t.co/ux3CX5mL2C",en,https://twitter.com/ChadWhitemanFL/status/1521122594484858880,FALSE,1
1.52E+18,2022-05-02 16:38:50 Turkey Standard Time,5/2/2022,16:38:50,300,7.18E+17,amphijobs,Amphi Jobs,"Vacancy: Special Education Teaching Assistant at Donaldson Elementary, apply online at  https://t.co/ntnmP5jIFp , or learn more about working at Amphi at  https://t.co/0jEgjkfAmQ !",en,https://twitter.com/AmphiJobs/status/1521122042057273345,FALSE,2
1.52E+18,2022-05-02 16:38:04 Turkey Standard Time,5/2/2022,16:38:04,300,1.22E+18,iamarmbksc,Arman Akhtar ð®ð³,#rgpv_online_exam 1. Last 2 years Education was totally online classes. 2. resurfacing of Covid. 3. Heatwave.  Are the reasons enough for online mode of Examsâ @ChouhanShivraj @GopilKotwal @DrMohanYadav51  #RGPVStudentsNeedOnlineExams Safety over Offline Exams!,en,https://twitter.com/IamArmBksc/status/1521121850927235072,FALSE,3
1.52E+18,2022-05-02 16:37:00 Turkey Standard Time,5/2/2022,16:37:00,300,1.28E+18,c4chaplaincy,Centre for Chaplaincy in Education,Planning your CPD for September '22?   Watch and find out more about our Induction Course with @Newman_Uni!  All online - complete with a personal mentor and exclusive content promoting reflective practice!   https://t.co/n1LhhdsASY  #Chaplaincy #Chaplain #Education #CPD,en,https://twitter.com/C4Chaplaincy/status/1521121578402127873,FALSE,2
1.52E+18,2022-05-02 16:35:00 Turkey Standard Time,5/2/2022,16:35:00,300,2875794672,pkhinnovation,People Know How,"Have you pledged to our #ConnectivityNow campaign yet? We're campaigning to end data poverty across Scotland, so that everyone can get access to essential online services, health information, work, education and more online.   Find out more at  https://t.co/b127G2DHb9",en,https://twitter.com/PKHinnovation/status/1521121076092178433,FALSE,2
1.52E+18,2022-05-02 16:34:47 Turkey Standard Time,5/2/2022,16:34:47,300,83525776,drhanwill,Hannah Williams,Are you an art historian thinking about how to diversify your curriculum? Join the Higher Education Committee @forarthistory for a workshop on Decolonisation and Art History Pedagogy.   Tues 31 May - free &amp; online. Register:  https://t.co/VQnpyEhfvt,en,https://twitter.com/DrHanWill/status/1521121022614941698,FALSE,2
1.52E+18,2022-05-02 16:33:58 Turkey Standard Time,5/2/2022,16:33:58,300,1.38E+18,houis_barry,Roð§¸ððBarry & Houisðð,"guys! u all will be so glad to hear- my project(Blissful Academy~providing free education online/off to kids who can't afford, Blissful Nurtures~providing free shelters and food spcly in slum areas) has been sanctioned by the govt. and I have recieved prize in honour of thatðð­",en,https://twitter.com/Houis_Barry/status/1521120815768829953,FALSE,1
1.52E+18,2022-05-02 16:33:05 Turkey Standard Time,5/2/2022,16:33:05,300,24571384,viachristi,Ascension Via Christi,"Enroll now! We offer a comprehensive selection of childbirth education classes, all are free and most have both online and in-person options:   ð Please visit our website for maternity care information and online class registration:  https://t.co/0NGc4zrZI2  https://t.co/s2QzJqnDUo",en,https://twitter.com/ViaChristi/status/1521120595655725057,FALSE,2
1.52E+18,2022-05-02 16:32:00 Turkey Standard Time,5/2/2022,16:32:00,300,1.45E+18,jdeepd07,Jaydeep Das,One of the greatest shortcomings of Indian education system is the inadequate use of available technology. Need to submit code on paper instead of using an online judge. Need to draw EGD diagrams on paper instead of using CAD. Its not the curriculum that is old but the teaching.,en,https://twitter.com/JdeepD07/status/1521120322728079360,FALSE,0
1.52E+18,2022-05-02 16:31:00 Turkey Standard Time,5/2/2022,16:31:00,300,16429852,cjonline,CJOnline,"Despite an increase in special education needs, advocates in Kansas say legislators have continued to underfund special education programs below the level required in state statute.    https://t.co/pLrSklmnwn",en,https://twitter.com/CJOnline/status/1521120072043044864,FALSE,0
1.52E+18,2022-05-02 16:30:13 Turkey Standard Time,5/2/2022,16:30:13,300,561268323,advantageont,AdvantAge Ontario,"We're pleased to release our Spring 2022 Virtual Education Calendar, with several exclusive learning opportunities designed to support you in delivering exceptional not-for-profit #longtermcare to Ontario's #seniors.   We look forward to seeing you online!  https://t.co/JCoxXLtDnU  https://t.co/9jQeCTggN8",en,https://twitter.com/AdvantAgeOnt/status/1521119875221147648,FALSE,1
1.52E+18,2022-05-02 16:30:04 Turkey Standard Time,5/2/2022,16:30:04,300,4814928135,educommission,Education Commission,"Join our ED @LiesbetSteer at the #FTWeekendFestival as she discusses good causes, philanthropic foundations &amp; meaningful ways to give money away at the @kencen in Washington, DC &amp; online.   â°  Learn more and register!  May 7, 2 pm - 2.45 pm EST  https://t.co/ngHwfoOQeg  https://t.co/ylrXmfFOnk",en,https://twitter.com/educommission/status/1521119836176277512,FALSE,2
1.52E+18,2022-05-02 16:22:40 Turkey Standard Time,5/2/2022,16:22:40,300,823185780,manitowocpublic,Manitowoc Public School District,2022-2023 TEACHER VACANCIES  This position is eligible for benefits and salaries are negotiable.  BUSINESS EDUCATION TEACHER Washington Middle School  Appropriate DPI certification is required  Apply online at: WECAN or Indeed by 5/9/22  https://t.co/EyBwd0w9tX,en,https://twitter.com/ManitowocPublic/status/1521117974672850946,FALSE,2
1.52E+18,2022-05-02 16:21:28 Turkey Standard Time,5/2/2022,16:21:28,300,249018188,thabz_online,Uncle Thabz,"South African is always in the top 5 of the worst/best in Africa.   Unemployment, rape, crime, HIV, Covid, best cities, education, GDP, tourism...",en,https://twitter.com/Thabz_online/status/1521117671454093314,FALSE,0
1.52E+18,2022-05-02 16:21:23 Turkey Standard Time,5/2/2022,16:21:23,300,1.40E+18,myskool1,MySkool,Eid is a day to cheer and to laugh with all your heart. Itâs a day to be grateful to Allah for all of his heavenly blessings on us. Wishing you a Happy Eid 2022 #wishes #eidmubarak #happyeidmubarak #myskool #online #education  https://t.co/5eoW67hMy6,en,https://twitter.com/MySkool1/status/1521117650616655873,FALSE,2
1.52E+18,2022-05-02 16:18:04 Turkey Standard Time,5/2/2022,16:18:04,300,1.47E+18,group_kq,KQ education group,WADA and CGF launch online anti-doping education course for BirminghamÂ 2022  https://t.co/twOY1iIZmW,en,https://twitter.com/group_kq/status/1521116815660834816,FALSE,3
1.52E+18,2022-05-02 16:17:10 Turkey Standard Time,5/2/2022,16:17:10,300,1.26E+18,larry_learns,"TeacherAndStudent, M.Ed (he/him)","And hereâs the money quote: âThese efforts resulted in digitally mediated physical classrooms using the internet â not online education. While these two options sound the same, they are not.â  https://t.co/e0RurU6dkU",en,https://twitter.com/larry_learns/status/1521116590091255808,FALSE,0
1.52E+18,2022-05-02 16:15:56 Turkey Standard Time,5/2/2022,16:15:56,300,1.26E+18,sharmajishubam,Shubam Sharmaji,Gujarat schools resume offline classes as the state discards online education - Education Today News   https://t.co/c3w5XfIkXM   #Byjus #EdTech,en,https://twitter.com/SharmajiShubam/status/1521116277946920961,FALSE,3
1.52E+18,2022-05-02 16:15:03 Turkey Standard Time,5/2/2022,16:15:03,300,14505838,usgs,USGS,"It's #NationalTeacherAppreciationWeek! ð Tap into over 140 years of USGS research in the form of lesson plans &amp; activities, podcasts, online lectures, videos &amp; animations, and much more â¡ï¸  https://t.co/ZSlldurikc    @USGS_YES  #teachers #education #k12 #stem #stemeducation  https://t.co/6CCY2WEDOe",en,https://twitter.com/USGS/status/1521116056391143425,FALSE,2
1.52E+18,2022-05-02 16:13:58 Turkey Standard Time,5/2/2022,16:13:58,300,1.49E+18,onlinegadget5,Online Gadget,Tatuo Christmas Wooden Letters Large Wood Alphabets 5.9 Inch White DIY Capital Letter Decors for Home Wall Party Crafts Education Projects Making Supplies (LetterÂ I)  https://t.co/asXeGpfFZR,en,https://twitter.com/OnlineGadget5/status/1521115784629694464,FALSE,2
1.52E+18,2022-05-02 16:10:30 Turkey Standard Time,5/2/2022,16:10:30,300,1.49E+18,hempnewsonline,HEMP NEWS ONLINE,How Much Money Do Dispensary Employees Make?Â |Â  https://t.co/hUKVy6l2Hx  https://t.co/N3JkroldVx #education,en,https://twitter.com/hempnewsonline/status/1521114912839192576,FALSE,2
1.52E+18,2022-05-02 16:09:13 Turkey Standard Time,5/2/2022,16:09:13,300,344865765,pembrokepublish,Pembroke Publishers,"Check it out â a brand-new Book of the Month! For all of May, you can read David Costello's upcoming book, #MathematizingStudentThinking, online completely FREE! Start reading today:  https://t.co/MbY8KuhZOf #edchat #profdev #education #math #mathchat #onlinelearning #edutwitter  https://t.co/FVfcC7QLTU",en,https://twitter.com/PembrokePublish/status/1521114588166696960,FALSE,2
1.52E+18,2022-05-02 16:07:03 Turkey Standard Time,5/2/2022,16:07:03,300,194077584,edreview,Educational Review,One week to go until the #ArticleOfTheYear online seminar! Register now to join the conversation around 'Troubling âThe Problemâ of racial overrepresentation in special education'   https://t.co/2dMAqotuLe  https://t.co/j3kZ4TJ2sk,en,https://twitter.com/EdReview/status/1521114044358344706,FALSE,2
1.52E+18,2022-05-02 16:05:03 Turkey Standard Time,5/2/2022,16:05:03,300,125427297,apc_news,APC,"What better way to start the week than reading stories of #SeedingChange?  This week, find out how Bytes for All Bangladesh advocates for online education as a fundamental right:   https://t.co/0icSCRICD6  #OnlineEducation #Bangladesh  https://t.co/CHsSRYlzNi",en,https://twitter.com/APC_News/status/1521113539615862786,FALSE,2
1.52E+18,2022-05-02 16:02:49 Turkey Standard Time,5/2/2022,16:02:49,300,3245318042,erinmd03,Dr. Erin Nitschke,Super fun conversation with Jono Petrohilos with Fitness Education Online. Nutrition scope of practice for fit pros is a hot topic. Check out our chat!! âºï¸  https://t.co/PsM61yW9wJ,en,https://twitter.com/erinmd03/status/1521112976144494592,FALSE,2
1.52E+18,2022-05-02 16:02:07 Turkey Standard Time,5/2/2022,16:02:07,300,1.41E+18,jpmlearningcen,JP Mathematics Learning Center,âºï¸âºï¸Happy Monday to you all!! Mathematics is the most beautiful and most powerful creation of the human spirit...!! How is Your Math? Call Today ð±561-725-7457 or Schedule Online ð https://t.co/HTjOxNienM . #privatetutoring #tutor #tutoring #education #mathtutoring  https://t.co/J5LUdpNkc8,en,https://twitter.com/jpmlearningcen/status/1521112801946877953,FALSE,2
1.52E+18,2022-05-02 16:01:20 Turkey Standard Time,5/2/2022,16:01:20,300,8.87E+17,etymologyrules,EtymologyRules | Language and Literacy,"Check out the print or online version of my first book , EtymologyRules: Back to Basics, to learn more about #language and #wordorigins. Available on Amazon today! Link's in the bio.  #etymology #words #literacy #language #linguistics #education #wordhistory #etymologyrules  https://t.co/PClWhcfbSw",en,https://twitter.com/EtymologyRules/status/1521112606077030401,FALSE,2
1.52E+18,2022-05-02 16:00:25 Turkey Standard Time,5/2/2022,16:00:25,300,1.42E+18,raspberrypi_org,Raspberry Pi Foundation,Join us for the first in our free new online research seminar series about cross-disciplinary computing education.  When: 3 May Time: 17:00 GMT / 12:00 EST / 9:00 PST Speaker: @guzdial from @UMich Sign up:  https://t.co/bbYOeLQLKw  #RPFSeminars #CSEd #CSForAll #Computing  https://t.co/PVw6lFqeUH,en,https://twitter.com/RaspberryPi_org/status/1521112375155478529,FALSE,2
1.52E+18,2022-05-02 16:00:11 Turkey Standard Time,5/2/2022,16:00:11,300,2597872531,dannouveau,Dan Vo,"Museum learning depts and professionals - this one's for us!  An online session to think about how historical object based learning can support delivery of relationships and sex education to young people.  FREE!  10am-12pm, May 19   https://t.co/fZ4ypZbWfR",en,https://twitter.com/DanNouveau/status/1521112315546017792,FALSE,2
1.52E+18,2022-05-02 16:00:02 Turkey Standard Time,5/2/2022,16:00:02,300,7.84E+17,cfisd_hr,CFISD - HR,"Cypress-Fairbanks ISD is hiring regular classroom aides and special education aides!ð@CyFairISD   Starting salary: $20,328 + Stipends No experience required, training provided, school schedule and benefits.  Apply Online: https://t.co/HlJXG1JTGx  https://t.co/ttPNM0UT6O",en,https://twitter.com/CFISD_HR/status/1521112278417825793,FALSE,2
1.52E+18,2022-05-02 16:00:01 Turkey Standard Time,5/2/2022,16:00:01,300,54915404,srchicks,Stephen R. C. Hicks,"Stephen Hicks presents: ""Education's Villains and Heroes,"" a new online course  https://t.co/2twwxU5Sre  In this eight-session course we will read and discuss eight major philosophers' views on education: Plato, Locke, Rousseau, Marx, Kant, Dewey, Rand and Giroux.  One can re...  https://t.co/MeBl0n4ftC",en,https://twitter.com/SRCHicks/status/1521112272428544003,FALSE,2
1.52E+18,2022-05-02 16:00:00 Turkey Standard Time,5/2/2022,16:00:00,300,1.42E+18,musicshephard,Richard Shephard Music Foundation,Our next headteacher online music meeting is THIS FRIDAY   Friday 6th May -10am   These are short 30minute sessions for primary headteachers to discuss music education and how the RSMF can help. ð¶  For more info please email: info@rsmf.org.uk   #musiced #yorkshire  https://t.co/1rPaYwSjMh,en,https://twitter.com/MusicShephard/status/1521112270025203712,FALSE,2
1.52E+18,2022-05-02 15:55:08 Turkey Standard Time,5/2/2022,15:55:08,300,1.01E+18,anilkum23591281,Anil Kumar,@cmohry please implement Online Transfer Policy for Higher Education Department also ð,en,https://twitter.com/AnilKum23591281/status/1521111045368324096,FALSE,3
1.52E+18,2022-05-02 15:48:48 Turkey Standard Time,5/2/2022,15:48:48,300,1.43E+18,indiainliberia,Embassy of India in Liberia,"All Indian nationals (Indian Passport holders) residing in Liberia for the purposes of work, higher education or on a short term visit are requested to register themselves with the Embassy.   Link for online Registration on Mission's official website:  https://t.co/dJUb7abi1F...  https://t.co/peMDFD06rn",en,https://twitter.com/IndiainLiberia/status/1521109451100590080,FALSE,3
1.52E+18,2022-05-02 15:39:49 Turkey Standard Time,5/2/2022,15:39:49,300,1.36E+18,siddhantparkhe3,Siddhant Parkhe,"Though education of many courses in last sem was online ,it is time to move forward and go back to normal.   We want offline...",en,https://twitter.com/SiddhantParkhe3/status/1521107187803820032,FALSE,0
1.52E+18,2022-05-02 15:39:42 Turkey Standard Time,5/2/2022,15:39:42,300,1434857220,schoolhallmark,HallmarkPublicSchool,National All Rounder Championship (NARC) is the Largest national level online inter-school competition to achieve National Education Policy 2020 goals.   #HallmarkPublicSchool #AdmissionsOpen #Session2022 #CBSESchoolInPanchkula  https://t.co/4HkoAQdVvm,en,https://twitter.com/SchoolHallmark/status/1521107161203445761,FALSE,3
1.52E+18,2022-05-02 15:38:45 Turkey Standard Time,5/2/2022,15:38:45,300,82549744,tancet,Ascent Education TANCET Classes & Online Courses,"Hello all,  Just 12 days to go for TANCET 2022  Have you started your TANCET MBA preparation yet? If not, visit  https://t.co/JEuLSHxHQ0 NOW!!  Best wishes for your TANCET prep!  #TANCET #TANCET2022 #TANCETMBA #TANCETPrep #MBA  https://t.co/ubEWNyv7O0",en,https://twitter.com/tancet/status/1521106922728214528,FALSE,2
1.52E+18,2022-05-02 15:37:23 Turkey Standard Time,5/2/2022,15:37:23,300,1.16E+18,pleasurescapes,PLEASURESCAPES,"Stoked to see @pleasurescapes made it to the #keyconcepts on @BloomsburyHist's fantastic new online resource for #history research and education! Have a look at the new article by our colleagues @paulvandelaar and @VincentBptst below, and spread the word:  https://t.co/A3r2AcJYc8",en,https://twitter.com/pleasurescapes/status/1521106576299413505,FALSE,2
1.52E+18,2022-05-02 15:36:28 Turkey Standard Time,5/2/2022,15:36:28,300,3165897999,cleclinicuro,Cleveland Clinic Urology,"Our virtual Patient Health Education series continues! Join @SarahLacyC, @NeelParekhMD &amp; @ScottLundyMDPhD for a free online health talk on all things #vasectomy.  May 9th from 6 â 7 p.m. EST  Free event, registration required --&gt;  https://t.co/B9T9aRNbWV  https://t.co/UkyowuP3D9",en,https://twitter.com/CleClinicUro/status/1521106344861966339,FALSE,2
1.52E+18,2022-05-02 15:33:45 Turkey Standard Time,5/2/2022,15:33:45,300,9.21E+17,udaybha34033559,Uday bhan,Byjus totally fraud online education call because I have purchased child education online courses byjus but they are not supported and cancelled my couse,en,https://twitter.com/Udaybha34033559/status/1521105664264732673,FALSE,0
1.52E+18,2022-05-02 15:31:29 Turkey Standard Time,5/2/2022,15:31:29,300,2251588934,theofficialsbi,State Bank of India,@This_is_Roshan_ Please visit the link  https://t.co/S9KLZXwfOW for detailed information regarding our education loan schemes and to apply online for the same.,en,https://twitter.com/TheOfficialSBI/status/1521105090815447046,FALSE,2
1.52E+18,2022-05-02 15:31:24 Turkey Standard Time,5/2/2022,15:31:24,300,2648760979,ace_driver_ed,ACE Driver Education,"FCPS Summer Driver Education classes are now online and open for registration.  Register for Behind the Wheel, Partners for Safe Teen Driving, and Classroom Driver Education.  Classes are filling up fast and space is limited.  Register today!  https://t.co/1I7iYgJHOb",en,https://twitter.com/ACE_Driver_Ed/status/1521105073434103811,FALSE,2
1.52E+18,2022-05-02 15:31:04 Turkey Standard Time,5/2/2022,15:31:04,300,9.69E+17,aws_nonprofits,AWS Nonprofits,You're invited! Experience the #AWSInstitute Canada Executive Education Program in Digital Transformation for the #PublicSector. @School_GC  You'll enjoy: â¡ 3 interactive online sessions ð¡ Panels with thought leaders ð¤ Networking opportunities  ð  https://t.co/CyrAsq87U4  https://t.co/uUcJjfsLQ5,en,https://twitter.com/AWS_Nonprofits/status/1521104986377265152,FALSE,2
1.52E+18,2022-05-02 15:31:01 Turkey Standard Time,5/2/2022,15:31:01,300,1.01E+18,msik12education,My School ITALY,MySchoolItaly is the most trusted preschool in India has started Preschool &amp; Nursery admission. Apply online for nursery admission. #EarlyChildhoodEducation #childhoodeducation #MySchoolItaly #Ritzy #RitzySchools #daycare #school #toddler #learningthroughplay #children #preschool  https://t.co/5RzYTWlXki,en,https://twitter.com/msik12education/status/1521104975027654656,FALSE,2
1.52E+18,2022-05-02 15:28:05 Turkey Standard Time,5/2/2022,15:28:05,300,1.51E+18,bankwalah2,Rahul. H,"@slatter_buddy @dhaikilokatweet @aajtak Arun Lal is a gem of a person. People might make fun of him online, but has helped so many people who could not afford to send their kids to school by funding their education. Unfortunately he did not have kids of h",en,https://twitter.com/Bankwalah2/status/1521104235487629312,FALSE,1
1.52E+18,2022-05-02 15:24:45 Turkey Standard Time,5/2/2022,15:24:45,300,1.25E+18,edcentinc,Edcent,"After 2 years of masterfully providing limitless, globally credible, and top-notch learning services to learners around the world, we are once again pushing the borders of possiblity in the education.  In simpler terms, we are launching our very own online Diploma programme.",en,https://twitter.com/EdcentInc/status/1521103396375343104,FALSE,1
1.52E+18,2022-05-02 15:23:08 Turkey Standard Time,5/2/2022,15:23:08,300,1.30E+18,akdasinc,Akdash Qureshi,@InglePushkar @GopilKotwal Cm or technical education ki tag kr ke tweet kro #rgpv_online_exame,en,https://twitter.com/AkdasINC/status/1521102991540953088,FALSE,3
1.52E+18,2022-05-02 15:16:36 Turkey Standard Time,5/2/2022,15:16:36,300,376815868,habitatls,Habitat Lake-Sumter,"Join us Wed, May 11th from 6-7pm! Habitat Lake-Sumter will be hosting an online insurance education event with guest speaker Christina Carter. Come ready to learn and ask lots of questions! Register today:  https://t.co/eQoniQRteG #hfhls #educational #online #zoom  https://t.co/3NGAqS6nhh",en,https://twitter.com/habitatls/status/1521101347654971392,FALSE,2
1.52E+18,2022-05-02 15:15:00 Turkey Standard Time,5/2/2022,15:15:00,300,50023256,dakila_ph,DAKILA Philippines,"Sa gitna ng kabi-kabilang disinformation sa bansa, hindi sapat ang share at reacts lang. We need more critical thinkers to continue combating these kinds of information online and offline.  This May 9, let's vote for a candidate who will prioritize education. #FactsFirstPH",en,https://twitter.com/dakila_ph/status/1521100943835602944,FALSE,0
1.52E+18,2022-05-02 15:10:48 Turkey Standard Time,5/2/2022,15:10:48,300,12914892,jcrabtree,Jonathan J Crabtree Mathematics Education Research,"@CKRaju14 @AxisBank @AxisBankSupport I am saddened to learn this. ð¢  While you cannot sign your name by hand, a quick typed signature for the online petition â¬ï¸ to decolonise maths may lift your spirits!   We both have a goal of true bett",en,https://twitter.com/jcrabtree/status/1521099886732537857,FALSE,0
1.52E+18,2022-05-02 15:09:06 Turkey Standard Time,5/2/2022,15:09:06,300,8.21E+17,inhometutor808,InHomeTutoringHonolulu.com,05-01-2022 CDL Test Download - English &amp; Spanish &gt; CDL-TEST &gt; CDL TEST ANSWERS &gt; Online or download &gt; English &amp; Espanol - Si Habla Espanol Education Top 10 #Education || Courtesy of Rick Kirkham Affordable Private In Home Tutoring Honolulu Hawaiiâ¦  https://t.co/eV6LU7BDjc,en,https://twitter.com/InHomeTutor808/status/1521099458443833344,FALSE,2
1.52E+18,2022-05-02 15:02:38 Turkey Standard Time,5/2/2022,15:02:38,300,1.52E+18,aberdeenshirell,Love Learning Aberdeenshire,Newsflash from Education Scotland and the excellent Scotland Learns online magazine.   https://t.co/ZxV6OulPG9,en,https://twitter.com/AberdeenshireLL/status/1521097830265462785,FALSE,2
1.52E+18,2022-05-02 15:01:23 Turkey Standard Time,5/2/2022,15:01:23,300,2883399105,epicproj,EpiC Project,"Going Online is a framework for how #HIV programs can use #online and #mobile platforms to accelerate impact toward meeting #HIV education, prevention, testing and treatment objectives. Learn more:  https://t.co/YV2GcJemTR",en,https://twitter.com/EpiCproj/status/1521097519194849281,FALSE,2
1.52E+18,2022-05-02 15:01:23 Turkey Standard Time,5/2/2022,15:01:23,300,625659682,wg_education,Welsh Government Education,Hay Festival Free Programme for schools  Thursday 26 and Friday 27 May   Sign up for this year's free programme for a chance to see some of the world's most inspiring writers in-person and online:   https://t.co/BK8uSM56Ko  @hayfestival  https://t.co/zNkwnTcl1A,en,https://twitter.com/WG_Education/status/1521097517252894722,FALSE,2
1.52E+18,2022-05-02 15:00:57 Turkey Standard Time,5/2/2022,15:00:57,300,188726633,leap4ed,LEAP for Education,"Get your Mother's Day present  at  https://t.co/Sp0eJSZiCK! - We are partnering with @KendraScott for a special #ShopForGood giveback event. From May 3 - May 6, 20% of every online purchase made on  https://t.co/Sp0eJSZiCK will benefit #LEAP4Ed. Use promo code GIVEBACK-BMMEC.  https://t.co/OrlMmZecp7",en,https://twitter.com/LEAP4Ed/status/1521097409941671937,FALSE,2
1.52E+18,2022-05-02 15:00:23 Turkey Standard Time,5/2/2022,15:00:23,300,1.32E+18,packaginged,The Foundation for Packaging Education,"Back to the basics- review commons functions, terms and more in Packing Foundations, one of the more than 100 free online courses available to members of . Learn more at  https://t.co/WeyLrN61Pp.  https://t.co/IATWnPkGuO",en,https://twitter.com/PackagingEd/status/1521097266563624962,FALSE,2
1.52E+18,2022-05-02 15:00:00 Turkey Standard Time,5/2/2022,15:00:00,300,78342190,aarpma,AARP Massachusetts,Our military and their families are getting scammed at an alarming rate. The AARP Veterans Fraud Center- a new online education and resource center- is now available to help protect veterans and their families against fraud. Learn more here:  https://t.co/ry84g8Y0fO,en,https://twitter.com/AARPMA/status/1521097171113852928,FALSE,2
1.52E+18,2022-05-02 14:59:24 Turkey Standard Time,5/2/2022,14:59:24,300,1.35E+18,wise_loaded,Wiseloaded.com,DONâT GIVE YOUR CHILDREN ACCESS TO SMARTPHONE WITH PROPER EDUCATION ABOUT ONLINE SAFETY â INTERNET SAFETY ADVOCATE ADVISESÂ PARENTS  https://t.co/Ps1cvYmuNl,en,https://twitter.com/wise_loaded/status/1521097019191926784,FALSE,0
1.52E+18,2022-05-02 14:59:12 Turkey Standard Time,5/2/2022,14:59:12,300,1.42E+18,prodigygamein,Prodigy Education India,Go through our blog that shares 7 tips for online #homeschooling that will encourage you to participate in your child's formative #learning years &amp; make the most effective outcome from themð ð:  https://t.co/uTbaE1VXXi #ProdigyIndia #ProdigyGameIndia #MathIsFun #OnlineSchooling,en,https://twitter.com/ProdigyGameIN/status/1521096969896472577,FALSE,2
1.52E+18,2022-05-02 14:59:11 Turkey Standard Time,5/2/2022,14:59:11,300,1.32E+18,ls4k_kids,Learning Spanish 4 Kids,"Hola ð #Learning Spanish 4 Kids ""Word of the Week"" ð¥Â  https://t.co/FzzFvPNx3RÂ #MothersDay2022 #Spanish #Onlinelearning #homeschool #Teachers #Education #MothersDay Enhance your skills and brighten your future Book a Online Class Today on LS4K Website or Facebook!",en,https://twitter.com/LS4K_Kids/status/1521096962799456256,FALSE,3
1.52E+18,2022-05-02 14:55:43 Turkey Standard Time,5/2/2022,14:55:43,300,421207424,palliative_scot,Mark Hazelwood,A learning and sharing opportunity of relevance to many many staff working right across health and social care.  Grateful for any RTs to help promote.  Thank you. @online_his @NHS_Education  @ALLIANCEScot @NHSScotCorpComm @HSCScotland @RealisticMed @DrGregorSmith @MareeToddMSP,en,https://twitter.com/Palliative_Scot/status/1521096093576187905,FALSE,1
1.52E+18,2022-05-02 14:51:33 Turkey Standard Time,5/2/2022,14:51:33,300,1.04E+18,openinnotrain,OpenInnoTrain MSCA-RISE,"Save the date!  #OpenInnoTrain will be represented at @ESOF_eu in a session that will connect EU-funded projects in the space of #Entrepreneurship &amp; #Innovation Education. ðï¸ 15th July, 2022 (online) Have a look at ESOF's program here â¡ï¸  https://t.co/tXQ9Db1Evs",en,https://twitter.com/OpenInnoTrain/status/1521095044236722177,FALSE,2
1.52E+18,2022-05-02 14:49:01 Turkey Standard Time,5/2/2022,14:49:01,300,311970046,cheetahplains,Lethaboð,@john_skimo Try @MilparkEd and study while you work. Online education is what i am interested in. I don't want to go back to full time university,en,https://twitter.com/CheetahPlains/status/1521094405398085643,FALSE,1
1.52E+18,2022-05-02 14:41:46 Turkey Standard Time,5/2/2022,14:41:46,300,1.32E+18,numomoart,NUMOMO Creative NFT Agency,"stay safe out there - bad actors come with any new emerging market - education and awareness are the first step before new methods are implemented - so the question remains, if not discord, then what is the alternative to discord to help foster online community building?",en,https://twitter.com/numomoart/status/1521092580779315200,FALSE,3
1.52E+18,2022-05-02 14:40:34 Turkey Standard Time,5/2/2022,14:40:34,300,1.52E+18,bhashkarkrt1,Bhashkar Singh,@ncert @PMOIndia @dpradhanbjp @Annapurna4BJP @Drsubhassarkar @RanjanRajkuma11 @ap_behera @KVS_HQ @CommissionerNVS @ProfSaklani @niostwit @cbseindia29 @OfficialIGNOU 1. Last 2 years Education was totally online classes. 2. resurfacing of Covid. 3. Heatwave,en,https://twitter.com/bhashkarkrt1/status/1521092279674437634,FALSE,3
1.52E+18,2022-05-02 14:32:14 Turkey Standard Time,5/2/2022,14:32:14,300,295697157,asmeofficial,Association for the Study of Medical Education,"Register (free online event) to attend Celebrating Success: ASME Honours, on 8 June, and hear from some of our 2022 Award Winners!  @ChairASME @KarenMattick @gabs_finn @JonnyGucks @tasme_uk @jasme_uk @ElRees1   https://t.co/tP6zzTVghb #MedEd #MedTwitter  https://t.co/SOPU87vXBJ",en,https://twitter.com/asmeofficial/status/1521090183097196544,FALSE,2
1.52E+18,2022-05-02 14:30:09 Turkey Standard Time,5/2/2022,14:30:09,300,966173665,ncore_nhs,NCORE,"***Red Flags, Serious Spinal Pathology and Systems Thinking***  With @AndrewVCuff   25th May online from 8:45am - 12:30pm  Visit our website to find out more...  https://t.co/ANdzl8iae9  #CPDtraining #NHS #healthcare #trainingday #training #education #onlinelearning #physiotherapy  https://t.co/Fv9CEIlAcw",en,https://twitter.com/NCORE_NHS/status/1521089657009840128,FALSE,2
1.52E+18,2022-05-02 14:25:22 Turkey Standard Time,5/2/2022,14:25:22,300,1.44E+18,factualnews3,Factual News,NCTE invites online applications for 4-year Integrated Teacher EducationÂ Programmesï¿¼ï¿¼ï¿¼  https://t.co/EjGrfdr38P,en,https://twitter.com/FactualNews3/status/1521088454838439941,FALSE,3
1.52E+18,2022-05-02 14:25:00 Turkey Standard Time,5/2/2022,14:25:00,300,1416391302,online_hbs,Harvard Business School Online,Here's a look at how @melainedcruze leverages her creativity and knowledge from an HBS Online course to drive #innovation in the education sector. #SketchThinking  https://t.co/PMtwFU5FDN,en,https://twitter.com/online_HBS/status/1521088362442072064,FALSE,1
1.52E+18,2022-05-02 14:19:25 Turkey Standard Time,5/2/2022,14:19:25,300,9.82E+17,howzthat1com,HowzThat1 delivers Drugs & Safer Online Education,"@JennyRafter Hiya Jenny, thanks for the follow ð",en,https://twitter.com/HowzThat1com/status/1521086955043364864,FALSE,1
1.52E+18,2022-05-02 14:17:48 Turkey Standard Time,5/2/2022,14:17:48,300,1.39E+18,inews24online,inews24online,"âZimbabwe Has Enough Resources To Fund Free Education, If Managed Wellâ â #Teachers  https://t.co/HOmZNNXNkp #obertmasaraure",en,https://twitter.com/INews24online/status/1521086550976737280,FALSE,1
1.52E+18,2022-05-02 14:16:59 Turkey Standard Time,5/2/2022,14:16:59,300,1.34E+18,syis_ecr,Swiss Young Immunologists Society (SYIS),@EFIS_immunology @FCYImmuno @YI_TSI @NImmunologists @SiicaI @iuis_online @sfiimmunologie @britsocimm @SEinmunologia @YI_dgfi @yi_SSI  Extended abstract &amp; registration deadline: 9 May 2022 This event is accredited as 0.5 day of continuing education for,en,https://twitter.com/syis_ecr/status/1521086343438344195,FALSE,2
1.52E+18,2022-05-02 14:16:47 Turkey Standard Time,5/2/2022,14:16:47,300,211582387,think_or_swim,John Gibbons,"@SobrienSean Embarrassed to see youâre from Kilkenny, anonymous Wolf-boy. Guess critical thinking didnât feature in your, ahem, education.  Easy pickings for the online conspiracy nutters  https://t.co/hEEo6jUUZr",en,https://twitter.com/think_or_swim/status/1521086292569862144,FALSE,1
1.52E+18,2022-05-02 14:16:30 Turkey Standard Time,5/2/2022,14:16:30,300,180881925,being_me_av,Abhishek Agarwal(AV),What I can extrapolate is conventional education system of going to school and restrict to an particular stream will be replaced by 'self-paced' online open education by Gen Alpha. #education #learnings #conventional #modern #awareness #mindfulness  #being_me_av,en,https://twitter.com/being_me_av/status/1521086224500674560,FALSE,3
1.52E+18,2022-05-02 14:15:02 Turkey Standard Time,5/2/2022,14:15:02,300,1.28E+18,c4chaplaincy,Centre for Chaplaincy in Education,"ðREGISTRATION NOW OPEN!ð Join our #Education #Chaplain Induction!  All online - from September 2022.  ð  https://t.co/v2IVBVFSNn  Develop your reflective practice with exclusive content, group tutorials and a personal mentor.  Delivered in partnership @Newman_Uni.   #Chaplaincy  https://t.co/wbG5o9xcGA",en,https://twitter.com/C4Chaplaincy/status/1521085854894198784,FALSE,2
1.52E+18,2022-05-02 14:12:29 Turkey Standard Time,5/2/2022,14:12:29,300,8.24E+17,elburny69,fly_burny ð,@dbrownAnalyst University Education is just shit.. so a friend of mine is studying computer with uni of the people online and in her first semester of her first year she is already doing introduction to python programming meanwhile  in a Nigerian uni. CS ,en,https://twitter.com/elburny69/status/1521085213056684033,FALSE,0
1.52E+18,2022-05-02 14:10:52 Turkey Standard Time,5/2/2022,14:10:52,300,1.47E+18,group_kq,KQ education group,Rare ancient script advising Knights Templar Crusaders how to wear facial hair can now be seen online at National Library ofÂ Scotland  https://t.co/FsVP3ssrhw,en,https://twitter.com/group_kq/status/1521084803889700865,FALSE,2
1.52E+18,2022-05-02 14:06:10 Turkey Standard Time,5/2/2022,14:06:10,300,1.52E+18,orlahealthpa,Orla,#InsulinSafetyWeek is for HCP - especially those not familiar with diabetes &amp; insulin.   Refresher education is important.   I know a T1D who went hypo in hospital &amp; a nurse injected them with insulin ð±ð¤¦ð¼ââï¸  #iredoc Ireland diabetes online community,en,https://twitter.com/OrlahealthPA/status/1521083623792852993,FALSE,2
1.52E+18,2022-05-02 14:04:00 Turkey Standard Time,5/2/2022,14:04:00,300,17677436,blendlocal,BLEND,"Starting your week off with some smile-worthy content...    Our BLEND Bucharest team donated PCs, TVs and electronics to aid children in need with their online education. Proud of our team for taking the initiative to give back locally!  #lifeatBLEND #bucharest #givingback #edu  https://t.co/l2cuBwIeTP",en,https://twitter.com/BLENDLocal/status/1521083077409312768,FALSE,1
1.52E+18,2022-05-02 14:00:54 Turkey Standard Time,5/2/2022,14:00:54,300,1.51E+18,makram14580251,Makram,Lecturer Jobs in Punjab Higher Education Department April 2022 May PPSC Online ApplyÂ Latest  https://t.co/BORjtC6woh,en,https://twitter.com/Makram14580251/status/1521082296920682496,FALSE,2
1.52E+18,2022-05-02 14:00:04 Turkey Standard Time,5/2/2022,14:00:04,300,2983205617,aws_gov,AWS for Government,You're invited! Experience the #AWSInstitute Canada Executive Education Program in Digital Transformation for the #PublicSector. @School_GC  You'll enjoy: â¡ 3 interactive online sessions ð¡ Panels with thought leaders ð¤ Networking opportunities  ð  https://t.co/sremfKJV41  https://t.co/4pnFsTkst6,en,https://twitter.com/AWS_Gov/status/1521082088132427777,FALSE,2
1.52E+18,2022-05-02 14:00:01 Turkey Standard Time,5/2/2022,14:00:01,300,1.51E+18,intelacademycom,Intel Academy,ð§ Want to learn how to trade but don't know where to start? ð Intel Academy is an online trading education program that covers all the courses from beginner to intermediate and expert.  Register Today ð  https://t.co/8mOoAuWpP0  #tradingforex #tradingcourse #tradingacademy  https://t.co/xmO75ZvqEn,en,https://twitter.com/intelacademycom/status/1521082074861428737,FALSE,2
1.52E+18,2022-05-02 13:57:58 Turkey Standard Time,5/2/2022,13:57:58,300,1.26E+18,bkrishnaan,Bhanu Krishnaan,"Online Education Technology Market Set for Explosive Growth | Arco Platform, Illuminate Education, ITutorGroup, D2L, Arco Platform - Digital Journal   https://t.co/7rZ80MO8vg   #byjus #edtech",en,https://twitter.com/BKrishnaan/status/1521081559561953282,FALSE,2
1.52E+18,2022-05-02 13:56:32 Turkey Standard Time,5/2/2022,13:56:32,300,1.44E+18,vsfkedup,V S,"@johnnybtrader There was no proper guidance, education, or even development. The main reason for leaving was my online friend who was like a brother scammed 0.1btc of mine, was also a teen back then. Started back in late 2020.",en,https://twitter.com/VSfkedup/status/1521081198147035136,FALSE,0
1.52E+18,2022-05-02 13:55:38 Turkey Standard Time,5/2/2022,13:55:38,300,1.16E+18,melioeducation,Melio Education,There's still time for you to sign up to study an on Academic Online Course! Click the link or send us a DM to enquireð¥   https://t.co/d7WIszqoqc  #onlinecourse #summercourse #studyuk  https://t.co/6Y06V4jSax,en,https://twitter.com/melioeducation/status/1521080971793252352,FALSE,2
1.52E+18,2022-05-02 13:47:04 Turkey Standard Time,5/2/2022,13:47:04,300,93567891,ourclassifieds,Toronto Classified Ads,Best Online AWS Training #ads #bangalore #services #education #advertisement  https://t.co/u0sKrwarxZ,en,https://twitter.com/ourclassifieds/status/1521078816453582848,FALSE,3
1.52E+18,2022-05-02 13:40:03 Turkey Standard Time,5/2/2022,13:40:03,300,1.50E+18,omnigrads,omnigrads,ðð Get Direct Admission Online &amp; Start Your yearly courseðð #DistanceEducation #GraduateCourse #PostGraduatecourse #bachelor #post #graduation #OnlineEducation #onlinestudy #postgraduate #education #Distance #MBA  https://t.co/MEnEje1iWT,en,https://twitter.com/omnigrads/status/1521077050328502272,FALSE,2
1.52E+18,2022-05-02 13:39:51 Turkey Standard Time,5/2/2022,13:39:51,300,51717961,ellif_dwulfe,Ellif D'Wulf,"@Harshmarsh1000 @Flash40730137 @Kent_Online Language, they know people here, the education system. But we're certainly not soft. Hell the current system doesn't even support our citizens without them resorting to food banks and you think that's soft on as",en,https://twitter.com/Ellif_DWulfe/status/1521077001175580674,FALSE,0
1.52E+18,2022-05-02 13:37:37 Turkey Standard Time,5/2/2022,13:37:37,300,32795835,samilm,Samil Malhotra,Attentionâ¦ Retentionâ¦a problem simply look at our online program â¦ DEB - Distance Education- Bridging the gap .. view it at  https://t.co/wASla1UCRw For bulk purchasesâ¦ call me or message me at +919910105890  https://t.co/Bd65YUN8Ng,en,https://twitter.com/samilm/status/1521076437146476549,FALSE,2
1.52E+18,2022-05-02 13:37:09 Turkey Standard Time,5/2/2022,13:37:09,300,4518265397,simpliteach,Dr. Liz Hardy ð,25 things to love about teaching online | â¥ 9. You've invested in your own #education â and now it's paying dividends.  https://t.co/zZyK9i3j4f,en,https://twitter.com/SimpliTeach/status/1521076321463451648,FALSE,1
1.52E+18,2022-05-02 13:36:51 Turkey Standard Time,5/2/2022,13:36:51,300,1.11E+18,eo_services,eos,"retweet @ esa: RT @Paxi_ESAKids: Teachers, have you registered for the @esa #TeachWithSpace Online Conference, happening 5-7 July? Join the awesome @ESA__Education team for inspiring keynotes, hot-topic panels and fun classroom demonstrations. Also Iâll â¦  https://t.co/vek5l8fZas",en,https://twitter.com/eo_services/status/1521076244632195072,FALSE,2
1.52E+18,2022-05-02 13:35:09 Turkey Standard Time,5/2/2022,13:35:09,300,8.09E+17,et_ciso,ET CISO,"The report also says that the adoption of remote learning during the Covid-19 pandemic, digitisation of education,&amp; prevalence of online learning platforms are key triggers that enlarged the attack surface.  #cyberattacks #cybercrime #cyberthreats   https://t.co/kh7ZWVCqDS",en,https://twitter.com/ET_CISO/status/1521075814477209600,FALSE,2
1.52E+18,2022-05-02 13:33:57 Turkey Standard Time,5/2/2022,13:33:57,300,4399781357,hi_klee,KYUNGMEE LEE,europe is to become climate neutral by 2050.   How can ðªðº cities and regions share best practices for the green transitionâ And how can citizens get involvedâ  Find out at today's event:  ð Monday 2 May â° 14:00 - 17:00 ,en,https://twitter.com/hi_klee/status/1521075516022820864,FALSE,2
1.52E+18,2022-05-02 13:33:49 Turkey Standard Time,5/2/2022,13:33:49,300,2710207669,rave_davir,Dave Robinson,"@GBNEWS Sex education should also include how to behave &amp; conduct yourself in a relationship, to stay safe online &amp; recognise dangers, as well as all the info on contraception etc.  How to treat your partner with love, trust &amp; respect for each",en,https://twitter.com/rave_davir/status/1521075480430096384,FALSE,2
1.52E+18,2022-05-02 13:30:07 Turkey Standard Time,5/2/2022,13:30:07,300,517998488,rsaorg,The Renaissance Society of America,"Win a $1,000 grant award through our best online teaching projects in secondary education competition!  Applications are due by May 9.  https://t.co/Ua31Ug6lva #RenTwitter  https://t.co/4dkUuTKC9q",en,https://twitter.com/RSAorg/status/1521074547855921153,FALSE,2
1.52E+18,2022-05-02 13:30:00 Turkey Standard Time,5/2/2022,13:30:00,300,3956142143,clever_books,Clever_Books Official,"Want to learn more about Augmented Reality technology and connect with the #AR community online? Teachers from all over the world have provided you with their opinions, experiences and crucial information about #AR in #education here:  https://t.co/Hn0PquxOaU  #edtech #ARVRinEdu  https://t.co/T5YLnCQ09I",en,https://twitter.com/Clever_Books/status/1521074520311963649,FALSE,2
1.52E+18,2022-05-02 13:27:14 Turkey Standard Time,5/2/2022,13:27:14,300,363425324,vickiec1982,Vickie Cunningham,"@JANEMCARTHUR11 What are you doing to maintain their education while you have them out of school? If you register them as homeschooled or at Ontario's  online school, you wouldnt be bothered by social workers. This tells me youve just abandonned their edu",en,https://twitter.com/VickieC1982/status/1521073822815899648,FALSE,0
1.52E+18,2022-05-02 13:25:07 Turkey Standard Time,5/2/2022,13:25:07,300,102338101,jorgerodriguezn,jorgerodriguezn,8 Top interactive learning software for online education - e-Learning Feeds  https://t.co/FcoFGyA5fZ,en,https://twitter.com/jorgerodriguezn/status/1521073290076377088,FALSE,3
1.52E+18,2022-05-02 13:23:01 Turkey Standard Time,5/2/2022,13:23:01,300,1.42E+18,firststepeduca1,FIRST STEP EDUCATION,"Study Oil &amp; Gas Piping Engineering and Plant Engineering Design  From FIRST STEP EDUCATION. Find success in your career. Courses are now available in online &amp; offline mode. Learn from the experts Visit:  https://t.co/O3JzvX8t4q Call / whatsapp: +91 8943 471 471, +91 8943 531 531  https://t.co/kuUl5DISAl",en,https://twitter.com/FIRSTSTEPEDUCA1/status/1521072763897008128,FALSE,2
1.52E+18,2022-05-02 13:21:41 Turkey Standard Time,5/2/2022,13:21:41,300,4919931106,iheid_executive,Geneva Graduate Institute | Executive Education,"#webinar #environment Do you want to make a positive impact on environmental governance? â¡ï¸Join us for a Q&amp;A session of the Executive Programmes on Environmental Governance &amp; Policy-Making. ð 17 May, 12:30 | ð online â  https://t.co/qnllrSfxzz  https://t.co/3iNRyJsGfg",en,https://twitter.com/IHEID_Executive/status/1521072426746097664,FALSE,2
1.52E+18,2022-05-02 13:18:12 Turkey Standard Time,5/2/2022,13:18:12,300,950442788,vallylytra,Vally Lytra,"Vicky Macleroy and I are delighted to be talking about 'Language Education Collages' drawing on our new book 'Liberating Language Education'. Join us online at the MOSAIC Research Seminar Series - May 4th, 2022, 4-5pm.  Registration:  https://t.co/ERsfDsVdTM",en,https://twitter.com/VallyLytra/status/1521071550627254278,FALSE,2
1.52E+18,2022-05-02 13:14:46 Turkey Standard Time,5/2/2022,13:14:46,300,1.51E+18,mariamsak2951,Mariam Sakerwala,"COVID-19 has already excluded womes out of education, why Colleges doing it same.  Conduct exam online #JaisiShikshaVaisiPariksha",en,https://twitter.com/MariamSak2951/status/1521070684918923265,FALSE,0
1.52E+18,2022-05-02 13:12:53 Turkey Standard Time,5/2/2022,13:12:53,300,2235892800,unitecomleeds,Unite Community Leeds & Wakefield,First @BannersHeldHigh event of 2022 tomorrow eve: Fringe workshop - 3rd May - Eco Education: teaching for zero carbon futures ðð¾ðð»  https://t.co/PYu44xIg5H Part of a series of online events leading up to the #WBHH22 in-person big day on the 14th  https://t.co/w2hQDrX5fv,en,https://twitter.com/unitecomleeds/status/1521070212178718721,FALSE,2
1.52E+18,2022-05-02 13:12:40 Turkey Standard Time,5/2/2022,13:12:40,300,9.87E+17,nwalesbadgers,North Wales Badgers,"There's always so much to learn about badgers! Visit us online for more badger facts, FREE education resources, details of your local badger group, how you can help badgers &amp; more ð¦¡ Can you identify this behaviour in our video library? ð  https://t.co/vbtr98quT8 #BadgerMonday â¦",en,https://twitter.com/NWalesBadgers/status/1521070159850520577,FALSE,2
1.52E+18,2022-05-02 13:12:02 Turkey Standard Time,5/2/2022,13:12:02,300,1.45E+18,hrithik_mathew,Hrithik Mathew,If education was going online why exams offline #onlineExamForAllMaharashtraUniversity @samant_uday @TOI_Nagpur @edke_vaibhav @BSKoshyari,en,https://twitter.com/hrithik_mathew/status/1521070000236154880,FALSE,0
1.52E+18,2022-05-02 13:06:00 Turkey Standard Time,5/2/2022,13:06:00,300,1.18E+18,deustoinnova,Deusto InnovaciÃ³n Docente,ð¢You can apply for the #Uniservitateaward2022 until 9 May.  ðWe are looking for Service-Learning experiences in Catholic Higher Education from January 2019 to April 2022 ðYou can submit your projects by filling in the online form:  https://t.co/cGCGF25h5c  https://t.co/hEz3H4dLBm,en,https://twitter.com/deustoInnova/status/1521068482447745024,FALSE,2
1.52E+18,2022-05-02 13:04:19 Turkey Standard Time,5/2/2022,13:04:19,300,583951269,bluesky_edu,BlueSky Education PR,New online course teaching #emotional #intelligence launched by @AaltoEE. Find out how it can help your career in this @indiaedudiary article:  https://t.co/Jv6q7B5ajJ,en,https://twitter.com/BlueSky_Edu/status/1521068057665417216,FALSE,2
1.52E+18,2022-05-02 13:04:04 Turkey Standard Time,5/2/2022,13:04:04,300,1.50E+18,euesep,European School Education Platform,Europe is to become climate neutral by 2050.   How can ðªðº cities and regions share best practices for the green transitionâ And how can citizens get involvedâ  Find out at today's event:  ð Monday 2 May â° 14:00 - 17:00 ð¥ Live online ð https://t.co/mjrXMvbhAh  https://t.co/wGYGtR254a,en,https://twitter.com/EUESEP/status/1521067995338088449,FALSE,2
1.52E+18,2022-05-02 13:02:00 Turkey Standard Time,5/2/2022,13:02:00,300,9.43E+17,paytmbusiness,Paytm For Business,"Paytm Payment Links can be the perfect way of accepting online payments for businesses across industries, such as Education, IT, Freelancing, E-com, Healthcare, and many more. ðð»  No website/app or coding required! ð  #PaymentLinks ke sath #AbHarBusinessBadega",en,https://twitter.com/PaytmBusiness/status/1521067473923047424,FALSE,2
1.52E+18,2022-05-02 13:01:03 Turkey Standard Time,5/2/2022,13:01:03,300,63429877,tristanbancks,Tristan Bancks,In May Iâll donate 20% of every subscription to my Young Writersâ StorySchool online video writing workshop to @RoomtoRead's Girls' Education Program. It's just $1 a day to keep a girl in school in @roomtoread's developing world program countries #literacy  https://t.co/qYH1fe5oU5  https://t.co/J0S6fDc0RD,en,https://twitter.com/tristanbancks/status/1521067235632066560,FALSE,3
1.52E+18,2022-05-02 13:00:48 Turkey Standard Time,5/2/2022,13:00:48,300,9.44E+17,crayolaedu,Crayola Education,"Teachers, you do so much for your students, it's time you treat yourself. ððï¸ This week only, get a free gift* (your choice!) with any $20 @Crayola online purchase.   We appreciate you, teachers! ð¤ð  Shop here:  https://t.co/2NUs193FC1   *Free gifts are while supplies last.  https://t.co/WKwtHLyTJj",en,https://twitter.com/CrayolaEdu/status/1521067172042317827,FALSE,2
1.52E+18,2022-05-02 13:00:44 Turkey Standard Time,5/2/2022,13:00:44,300,1.34E+18,onitway,Onitway Education Consultancy,This graphic design online course bundle is now just $5 a class  https://t.co/ZKhyXYTEYM,en,https://twitter.com/onitway/status/1521067155168632832,FALSE,3
1.52E+18,2022-05-02 13:00:05 Turkey Standard Time,5/2/2022,13:00:05,300,191092262,stigmabasen,Stigmabase | NORDIC,"Indian education sector biggest target of cyber threats: Report | Deccan Herald: The education sector in India is the most vulnerable to online attacks and cyber threats, a new study has revealed, ahead of the United States,Â ...  https://t.co/3mlg8kwh6F",en,https://twitter.com/StigmabaseN/status/1521066993100546048,FALSE,0
1.52E+18,2022-05-02 13:00:02 Turkey Standard Time,5/2/2022,13:00:02,300,364865010,esteem_acetuk,esteem acet UK,"Calling secondary #PSHE leads - in response to requests, we are running one of our 1-day teacher training courses in Relationships &amp; Sex Education in the school holidays ONLINE. Increase your confidence in #RSE &amp; get access to ready-made materials.    https://t.co/eeQnI2VCjD  https://t.co/MCFHKiE9cB",en,https://twitter.com/esteem_acetUK/status/1521066978353442816,FALSE,2
1.52E+18,2022-05-02 13:00:01 Turkey Standard Time,5/2/2022,13:00:01,300,16666144,rworldfl,"Broward, Palm Beaches & St. Lucie RealtorsÂ®",Happy May! The CE Shop is offering 30% off all online education with promo code: SELFPACED. Offer ends on May 31st!   Save Today â¡ï¸  https://t.co/9nV9CoTN38  https://t.co/tBSurKi1Ob,en,https://twitter.com/rworldfl/status/1521066974905651200,FALSE,2
1.52E+18,2022-05-02 12:57:57 Turkey Standard Time,5/2/2022,12:57:57,300,249563393,opensciencebern,Open Science UniBe,"NEW: The latest issue of our #openaccess journal SJER is now online: Its theme is: ""Primary teachers and their specialisations. Between division of competences and strengthened teacher education"" #teaching #education #pedagogy  https://t.co/DGFW92KxcO  https://t.co/CLInzEhrAU",en,https://twitter.com/opensciencebern/status/1521066456762486785,FALSE,1
1.52E+18,2022-05-02 12:57:41 Turkey Standard Time,5/2/2022,12:57:41,300,1.46E+18,makkalnews_in,Makkal News,4 Year Integrated Teacher Education: Online Application for Four years Integrated Teacher Education Programme ITEP begins : â News18Â Tamil  https://t.co/Q2k82LDt3c,en,https://twitter.com/makkalnews_in/status/1521066389120892930,FALSE,2
1.52E+18,2022-05-02 12:56:32 Turkey Standard Time,5/2/2022,12:56:32,300,85773227,shaunels,Shaun ð,"@PaulElijas University is great for trades, healthcare professionals, or any occupation where formal education is necessary.   Otherwise, everything else can be learned online for free or pretty close to free.",en,https://twitter.com/ShaunEls/status/1521066097293860865,FALSE,1
1.52E+18,2022-05-02 12:53:54 Turkey Standard Time,5/2/2022,12:53:54,300,2331656280,ajaya_buddy,Ajaya Sharma,UPGRAD buys AI&amp; ML Education provider Insofee at $33M; Insofee founders to swap shares of Upgrad. (2nd deal in Education in recent times; Sat Bodhi Tree announced $600mn into Kota based Allen Institute. (I see Off-line &amp; Online Education models see merging big time in coming yrs,en,https://twitter.com/Ajaya_buddy/status/1521065436506628096,FALSE,2
1.52E+18,2022-05-02 12:52:01 Turkey Standard Time,5/2/2022,12:52:01,300,83638433,arweldavies88,Arwel Davies,"Mark Miodownik, the UCL Professor of Materials &amp; Society, will be presenting The Pitfalls and Triumphs of Holding Practical Workshops Online at the 2022 Talks 2nd Online Materials Education Symposium.  https://t.co/lWE29qwq9o",en,https://twitter.com/arweldavies88/status/1521064961178447872,FALSE,2
1.52E+18,2022-05-02 12:47:06 Turkey Standard Time,5/2/2022,12:47:06,300,857788171,educationusa_lv,EducationUSA Latvia,"ð¬ Are you 15-17 and dreaming of studying #STEM in the United States? Join #EducationUSA Academy Connectsâ four-week, online program to learn about STEM careers with @UWMadison. Learn more about the program â¡ï¸  https://t.co/baIuLDBljT.  https://t.co/Jsp0UKnHHx",en,https://twitter.com/EducationUSA_LV/status/1521063722692890624,FALSE,2
1.52E+18,2022-05-02 12:47:04 Turkey Standard Time,5/2/2022,12:47:04,300,1.35E+18,pammonster1,Moms4Liberty is a white supremacy org,"@NeuroSpark @bblock29 @RonFilipkowski Christians have created several online homeschooling programs, so of course. They have also multiplied Christian schools, which is why they are at war with public education, so we will privatize. The poor will stay ho",en,https://twitter.com/Pammonster1/status/1521063713909919744,FALSE,0
1.52E+18,2022-05-02 12:46:54 Turkey Standard Time,5/2/2022,12:46:54,300,64275976,rhino3dtv,Rhino3D.Education,Congratulations! Alex Papazoglou has successfully completed The Fundamental of Grasshopper3D Online Training from  https://t.co/l47CRxHrwo! Enroll now to earn your Certificate here:  https://t.co/wV3RKxUSnQ #Rhino3D #RhinoTraining #LearnRhino,en,https://twitter.com/Rhino3DTV/status/1521063674647138304,FALSE,2
1.52E+18,2022-05-02 12:44:59 Turkey Standard Time,5/2/2022,12:44:59,300,4241411909,tabitasurge,Tabitha McIntosh,"Listen back to my morning show on @TTRadio2022 about edutwitter, social media power in education, and the ethnography of online communities  Is edutwitter dead? And whose edutwitter is it anyway?  #TTRadio   https://t.co/XtvqyizAti",en,https://twitter.com/TabitaSurge/status/1521063191136116736,FALSE,3
1.52E+18,2022-05-02 12:38:55 Turkey Standard Time,5/2/2022,12:38:55,300,1.52E+18,lancstermental,LUmental health,"Overseas students unable to receive individual mental health support as it is across the higher education sector in the UK. They can only have access to online services from the Counselling and Mental Health Service and college advisor teams, or self-help programmes.",en,https://twitter.com/Lancstermental/status/1521061666607280128,FALSE,0
1.52E+18,2022-05-02 12:31:52 Turkey Standard Time,5/2/2022,12:31:52,300,831177966,esa__education,ESA Education,"Whoâs excited for the @esa #TeachWithSpace online conference? ðð»ââï¸ From 5-7 July, we get practical with experiments covering a range of space-inspired #STEM subjects for your classroom, like this:  https://t.co/Ta8a7zPljp Register by 15 June:  https://t.co/79TxJRr5An",en,https://twitter.com/ESA__Education/status/1521059889661063168,FALSE,2
1.52E+18,2022-05-02 12:30:19 Turkey Standard Time,5/2/2022,12:30:19,300,206275396,badgertrust,Badger Trust,"There's always so much to learn about badgers! Visit us online for more badger facts, FREE education resources, details of your local badger group, how you can help badgers &amp; more ð¦¡  Can you identify this behaviour in our video library? ð  https://t.co/gKjreGjJT6  #BadgerMonday  https://t.co/nVarDubdOS",en,https://twitter.com/BadgerTrust/status/1521059499850846208,FALSE,2
1.52E+18,2022-05-02 12:25:16 Turkey Standard Time,5/2/2022,12:25:16,300,1078250240,privacysolved,PrivacySolved,"Reducing online harms, protecting children and the EUâs #DSA proposals are all bold aims. A Case Study about how UX design, #dataprotection and @ICOnews Age Appropriate Design Code helped a global childrenâs education app to win and redefine success. #GDPR  https://t.co/q8WXg6NO9X",en,https://twitter.com/PrivacySolved/status/1521058229903577089,FALSE,1
1.52E+18,2022-05-02 12:24:16 Turkey Standard Time,5/2/2022,12:24:16,300,1446130388,paxi_esakids,Paxi,"Teachers, have you registered for the @esa #TeachWithSpace Online Conference, happening 5-7 July? Join the awesome @ESA__Education team for inspiring keynotes, hot-topic panels and fun classroom demonstrations. Also Iâll be there ð¤© register by 15 June:  https://t.co/vEGkXoMa1W  https://t.co/N2lV5a42ij",en,https://twitter.com/Paxi_ESAKids/status/1521057979994357761,FALSE,2
1.52E+18,2022-05-02 12:23:00 Turkey Standard Time,5/2/2022,12:23:00,300,1.10E+18,stemedscot,STEM @ Education Scotland,â¬ï¸â¬ï¸â¬ï¸â¬ï¸â¬ï¸ Need help applying for Round 4 Enhancing Professional Learning in STEM Grant Programme? Join our online Teams sessions here:   https://t.co/InrQoI8efa  Next session Tuesday 3 May 4 - 5pm  https://t.co/jZCv6DwGzl,en,https://twitter.com/STEMedscot/status/1521057658136014849,FALSE,2
1.52E+18,2022-05-02 12:19:54 Turkey Standard Time,5/2/2022,12:19:54,300,21657962,westsuffolk,West Suffolk College ð³ï¸âð,"Join our Adult Education Online Q&amp;A on Thursday 19 May 2022 from 6.00pm - 7.30pm.  This will be an opportunity to meet with tutors, discuss potential progression routes and career options and discover what opportunities are open to you.  Register here:  https://t.co/idskdPyC5g  https://t.co/Njh9DzuKYT",en,https://twitter.com/WestSuffolk/status/1521056878624653313,FALSE,2
1.52E+18,2022-05-02 12:19:09 Turkey Standard Time,5/2/2022,12:19:09,300,1.47E+18,juju_fairy,Juliette Cottu/ ARTSIES COLLECTIVE,"ð¨ Art by me @artsiesco  ð¨  ð­Women led:freedom,fluidity, inclusivity  ð§¬  https://t.co/zLsIQiJDkg  ð¨ Fine Art/Fashion Collectibles   ð Online worldwide ART HUB  ð»Web3 education  ð¿Mental health ambassadors  ð 10% revenues to charities   ðª© EXTRAORDINA(rts)Y events, IRL &amp;Web3  https://t.co/t5BQYtJg8X",en,https://twitter.com/juju_fairy/status/1521056688253644800,FALSE,2
1.52E+18,2022-05-02 12:12:12 Turkey Standard Time,5/2/2022,12:12:12,300,2271784645,judecyletan,JCyleTan,Page 122 of 365  Finally had a chance to visit my another father @coach_mark_herrera  Nice to see you again Coach!!  FB. TW. IG: JCyleTan @ AMA University Online Education  https://t.co/RwbKsL54v5,en,https://twitter.com/JudeCyleTan/status/1521054941976141824,FALSE,1
1.52E+18,2022-05-02 12:10:50 Turkey Standard Time,5/2/2022,12:10:50,300,560552115,frankrennie,Frank Rennie,"I think the issues are not so black or white. Differences bt school and higher education, between subjects, &amp; the use of technology (incl. bandwidth). A continuum fm F2f to fully online best in different circumstances.",en,https://twitter.com/frankrennie/status/1521054598345203712,FALSE,2
1.52E+18,2022-05-02 12:09:03 Turkey Standard Time,5/2/2022,12:09:03,300,108988072,schools4sa,School 4 South Africa,"More law enforcement officers to ensure safety in schools - IOL: âThe department of education, law enforcement and community safety need ... Independent Online, popularly known as IOL, is one of South Africa'sÂ ...  https://t.co/3hydVLX4LV",en,https://twitter.com/Schools4SA/status/1521054148430422016,FALSE,3
1.52E+18,2022-05-02 12:04:54 Turkey Standard Time,5/2/2022,12:04:54,300,1.47E+18,group_kq,KQ education group,Glion Institute of Higher Education introduces a free online course focused on the global luxuryÂ industry  https://t.co/uVl271dQJL,en,https://twitter.com/group_kq/status/1521053103226765313,FALSE,2
1.52E+18,2022-05-02 12:04:36 Turkey Standard Time,5/2/2022,12:04:36,300,57858267,silverdriver,David Calderon,Top Ways Online Studies Can Further Your Health Education - Daily Hawker  https://t.co/CVNBJjxvrV,en,https://twitter.com/silverdriver/status/1521053029243531264,FALSE,2
1.52E+18,2022-05-02 12:01:32 Turkey Standard Time,5/2/2022,12:01:32,300,8.87E+17,prprobe,PRpro.be,Glion Institute of Higher Education:Glion Institute of Higher Education introduces a free online course focused on the global luxury industry  https://t.co/i655yfevX0,en,https://twitter.com/PRproBE/status/1521052255599964161,FALSE,2
1.52E+18,2022-05-02 12:00:17 Turkey Standard Time,5/2/2022,12:00:17,300,3063916217,plymuniioe,Plymouth Institute of Education,"This week, Thu 5th May, 09:30-16:00 - join our online Adventures in Posthumanism Doctoral Conference with Keynote speaker @mariatamboukou at 13:30.   Please contact pioeevents@plymouth.ac.uk for zoom link details. #conference #education #academia  https://t.co/Kw8rDUWcc7",en,https://twitter.com/PlymUniIOE/status/1521051941132025858,FALSE,2
1.52E+18,2022-05-02 12:00:11 Turkey Standard Time,5/2/2022,12:00:11,300,156370214,burlyconseattle,BurlyCon,#BurlyCon 's coming back IN PERSON this fall for #BurlyCon2022 .  Our commitment to the future of #Burlesque Education has deepened while weâve been online &amp; we need your support now more than ever to accomplish our ambitious goals!   https://t.co/SXw3TfMqCv  #givebig #givebig2022,en,https://twitter.com/BurlyConSeattle/status/1521051915982942208,FALSE,2
1.52E+18,2022-05-02 12:00:04 Turkey Standard Time,5/2/2022,12:00:04,300,1.30E+18,esmephilippines,Esme Philippines,Keep in mind why you opted to begin online learning in the first place. Enjoy the journey and be proud of your achievements along the way.  #OnlineLearning #Motivation #Education  https://t.co/wCEGUxmHoF,en,https://twitter.com/EsmePhilippines/status/1521051886077497348,FALSE,1
1.52E+18,2022-05-02 12:00:01 Turkey Standard Time,5/2/2022,12:00:01,300,125958060,nec_education,National Extension College,"Feeling inspired this Bank Holiday?  Try something new with a wide range of online courses from NEC. Explore subjects from astronomy to Spanish, business to art history.  #adulteducation #careers #professionaldevelopment #careerchange #education #onlinelearning",en,https://twitter.com/NEC_Education/status/1521051877055598593,FALSE,2
1.52E+18,2022-05-02 11:59:46 Turkey Standard Time,5/2/2022,11:59:46,300,8.11E+17,consultpanditji,Online Kashi Pandit,"à¥ Aries horoscope May 2022: Education, career, business, love, marriage &amp; children âÂ OKP  https://t.co/i7q07ENnWJ",en,https://twitter.com/consultpanditji/status/1521051813738393601,FALSE,2
1.52E+18,2022-05-02 11:51:08 Turkey Standard Time,5/2/2022,11:51:08,300,1.41E+18,brainyacademyh,Brainy Academy,India's Best Affiliated online school. Aimed to facilitate world class education at your comfort!  #onlineschool #onlinecbseschool #cbseschool  https://t.co/QHaq9Ts7LN,en,https://twitter.com/BrainyacademyH/status/1521049639814045698,FALSE,1
1.52E+18,2022-05-02 11:47:57 Turkey Standard Time,5/2/2022,11:47:57,300,1.21E+18,redfox_edtech,Red Fox Education | Online British School,"Every country/university has a different requirement. Whatever the Band score you need to study abroad, we are there to help you achieve it. Join today!   https://t.co/VeICC4c2td  #IELTS #studyabroad #IELTStips #ieltspreparation #RedFoxEducation #EducationForABetterLife  https://t.co/5pQJjfEkl3",en,https://twitter.com/RedFox_EdTech/status/1521048838215471104,FALSE,1
1.52E+18,2022-05-02 11:40:22 Turkey Standard Time,5/2/2022,11:40:22,300,8.96E+17,zenitexcelencia,Zenit Excelencia,Finding IELTS Difficult? Don't worry! We Make it Easy For you. Book your Online Classes Now! Website :  https://t.co/6nUzcD0jMC #advancedplacement #zenitexcelencia #ielts #ieltsexam #ieltspreparation #education #teachers #cambridgeschools #cambridgeexams #cambridgelearner  https://t.co/hyJhioKkpX,en,https://twitter.com/ZenitExcelencia/status/1521046930599518209,FALSE,2
1.52E+18,2022-05-02 11:39:42 Turkey Standard Time,5/2/2022,11:39:42,300,1.32E+18,zerocovidzoe,Zoe #ZeroCovid ðð #MaskUp #FBPE #FBLC,#AD?,en,https://twitter.com/zerocovidzoe/status/1521046762940686336,FALSE,2
1.52E+18,2022-05-02 11:33:03 Turkey Standard Time,5/2/2022,11:33:03,300,3213067007,sacslearn,SACS Learn,"Register to hear Michael Neate, St Andrew's Cathedral School, share 'A Coherent Christian Integration Curriculum' at the online Christian Education Research Conversations Conference 14 May #ResCon22 Register today  https://t.co/8cAsYrWbBK  https://t.co/Fte26pmMZd",en,https://twitter.com/SACSLearn/status/1521045089002434560,FALSE,2
1.52E+18,2022-05-02 11:20:10 Turkey Standard Time,5/2/2022,11:20:10,300,1.48E+18,yoncamermerci,Online Professional Certificate Programs,Higher Education Commission New Jobs 2022 CompleteÂ Information  https://t.co/nsDJ6tJIV6,en,https://twitter.com/YoncaMermerci/status/1521041844687286272,FALSE,2
1.52E+18,2022-05-02 11:19:22 Turkey Standard Time,5/2/2022,11:19:22,300,9.47E+17,islamicunike,Islamic University of Kenya,"Apply today for May 2022 intake for programmes in Shari'a and Islamic Studies, Islamic Banking and Finance, Business Management, Business Information Technology, Education (Arts) and Arabic Language. Physical and Online classes are available for all programmes.  https://t.co/R2kZ3OUn9d",en,https://twitter.com/IslamicUniKe/status/1521041644514066433,FALSE,2
1.52E+18,2022-05-02 11:16:45 Turkey Standard Time,5/2/2022,11:16:45,300,1.07E+18,indiapprentice,India Apprenticeship Forum,National Council for Teacher Education NCTE invites online applications for the 4-Year-Integrated Lecturer Education Programme (ITEP) for Academic Session 2023-2024.  https://t.co/z8QyHW9mOS  #teacher #testing #education #apprenticeshipprogram #employability #skillsdevelopment,en,https://twitter.com/Indiapprentice/status/1521040988030091265,FALSE,2
1.52E+18,2022-05-02 11:16:11 Turkey Standard Time,5/2/2022,11:16:11,300,1.26E+18,mimivult,slendrinaâ· 22.06.10,"@jimisle @cypherbtsophile I think she's from India, that's why. All our teachers have our numbers because of online education",en,https://twitter.com/mimivult/status/1521040843468992513,FALSE,1
1.52E+18,2022-05-02 11:14:37 Turkey Standard Time,5/2/2022,11:14:37,300,7.32E+17,vanikeducation,Vanik,"Online -  https://t.co/oUqiCwpl6I (Click on ASO @Ftd 5 Mints before Exam)  ""Register Now and Appear on the Exam and know your Rank amongst the Students of All Participants in be this Ftd"" Note-Registration must for Online and Offline Mode  #vanik  #asosecretariat #ASOFTD #FTD  https://t.co/3HPVGgCkqY",en,https://twitter.com/VanikEducation/status/1521040448558567425,FALSE,2
1.52E+18,2022-05-02 11:14:32 Turkey Standard Time,5/2/2022,11:14:32,300,7.32E+17,vanikeducation,Vanik,"ASO FTD-3   ""Real Exam Experience at Vanik Centreâ  EXAM Date-8th May, Sunday. Paper -I, II, III Total Mark -400  Total Hour -5 Hr  Exam Mode-Online / Offline  Registration /Admit Card Download Link -: Mentioned Below Imageðð»  Offline Venue-All Vanik Centres",en,https://twitter.com/VanikEducation/status/1521040429747122176,FALSE,2
1.52E+18,2022-05-02 11:12:53 Turkey Standard Time,5/2/2022,11:12:53,300,1.51E+18,classiverapp,Classiver,"A teacher is a guide, a pointer to the truth each student must find for himself. ~ Bruce Lee  . #education #learning #edtech #student  #teacher #online #classes  #institutions #onlineclasses #classiver #tech #edutwitter #ASUU #ASUUstrike #onlinelearning  https://t.co/tncBEQRbeu",en,https://twitter.com/classiverapp/status/1521040011772182532,FALSE,1
1.52E+18,2022-05-02 11:07:10 Turkey Standard Time,5/2/2022,11:07:10,300,8.21E+17,inhometutor808,InHomeTutoringHonolulu.com,"In race for Arkansas governor, GOP hopefuls differ on plans for education, taxes, economic development - Arkansas Online || #EducationNews Courtesy of In Home Tutoring Honolulu Affordable Private In Home Tutoring Honolulu Hawaii Covering all of Oahu andâ¦  https://t.co/AJOwtiiUvF",en,https://twitter.com/InHomeTutor808/status/1521038575269163008,FALSE,3
1.52E+18,2022-05-02 11:02:51 Turkey Standard Time,5/2/2022,11:02:51,300,2262723877,eaaeducation,EAAE,"Final Multiplier of the CAÂ²RE+ Erasmus+ Strategic Partnership COLLECTIVE EVALUATION OF ARTISTIC AND DESIGN-DRIVEN DOCTORAL TRAINING 16.06.2022, Online ð Register to experience the live demonstration of the CAÂ²RE+ concept in practice  https://t.co/Nd7OK7fXfn #CARE",en,https://twitter.com/EAAEducation/status/1521037488919392256,FALSE,2
1.52E+18,2022-05-02 11:01:00 Turkey Standard Time,5/2/2022,11:01:00,300,8.47E+17,snt_uni_lu,SnT,Did you know that there are fake online universities selling education?  ðSnT researchers are working with @LIST_Luxembourg in the EBSILUX project to check such information and improve their trustworthiness through #blockchain.  â¡ï¸ https://t.co/nAmZ3Mn0CW   #SnT_Highlights  https://t.co/AmY272ABK2,en,https://twitter.com/SnT_uni_lu/status/1521037022550540290,FALSE,0
1.52E+18,2022-05-02 11:00:41 Turkey Standard Time,5/2/2022,11:00:41,300,966173665,ncore_nhs,NCORE,A great snippet of Dr Aftab Laherâs bio! You can meet Aftab at his Introduction to Motivational Interviewing course!  13 June in Derby  22 July online  Visit our website at  https://t.co/VR09Ovl9An to find out more...  #training #education #healthcare #onlinelearning  https://t.co/HFTcSnIt5Y,en,https://twitter.com/NCORE_NHS/status/1521036945161437184,FALSE,2
1.52E+18,2022-05-02 11:00:01 Turkey Standard Time,5/2/2022,11:00:01,300,153287840,themja,MJA,MJA Vol 216 Issue 8 is now available online at  https://t.co/kKsXmNLfku â¦ Premium content includes bone skeletons for education purposes; rhabdomyolysis; exostoses + free &amp; open access content â¦ #medtwitter  https://t.co/s6GUKnMr6B,en,https://twitter.com/theMJA/status/1521036774738305025,FALSE,2
1.52E+18,2022-05-02 10:55:03 Turkey Standard Time,5/2/2022,10:55:03,300,1.51E+18,onlinejungolf,Online Junior Golf,"A really important part of any young female athletes journey is this elephant in the room. Important that your coaching team has understanding, education, and creates an environment for open conversationðð» #onlinejuniorgolf",en,https://twitter.com/onlinejungolf/status/1521035527595728898,FALSE,1
1.52E+18,2022-05-02 10:52:56 Turkey Standard Time,5/2/2022,10:52:56,300,1243478749,atee_brussels,Association for Teacher Education in Europe,#SchoolEdGateway #teachers #students  Online educational resources in Ukrainian: schooling in Ukraine under adverse conditions   https://t.co/dGY8vlq1cx,en,https://twitter.com/ATEE_Brussels/status/1521034993899868160,FALSE,3
1.52E+18,2022-05-02 10:43:00 Turkey Standard Time,5/2/2022,10:43:00,300,1.46E+18,sikorskidamian_,Damian Sikorski ð¡ cryptods.eth,109/ NFT or just ERC-721 technology will change the future of online education. Benefits are huge.  #NFT #ERC721 #education,en,https://twitter.com/sikorskidamian_/status/1521032492253331456,FALSE,1
1.52E+18,2022-05-02 10:42:46 Turkey Standard Time,5/2/2022,10:42:46,300,33467189,stakeholders,Stakeholder  Forum,"âï¸1 day until our online legacy webinar with Prof. @DaniellaTilbury! Are you registered?  ðTheme: The environment, education &amp; the future ð3 May, 16 - 18 CET / 10 - 12 EDT  Join the conversationð  https://t.co/ohU09EXwSB  #Stockholm50 @StockholmPlus50 @GibraltarGov",en,https://twitter.com/stakeholders/status/1521032436066443265,FALSE,2
1.52E+18,2022-05-02 10:41:49 Turkey Standard Time,5/2/2022,10:41:49,300,1.28E+18,financedata1,Finance,Achieving quality education for children through SDGs - Tribune Online  https://t.co/B0PKSyb1EL,en,https://twitter.com/Financedata1/status/1521032195128889344,FALSE,1
1.52E+18,2022-05-02 10:39:02 Turkey Standard Time,5/2/2022,10:39:02,300,1.24E+18,doornevanessa,Vanessa Doorne,@Kent_Online Itâs all backward thinking &amp; doesnât help with the childâs education not one bit. What they need to concentrate on is training their staff how to recognise children with learning disabilities &amp; helping them as they are ,en,https://twitter.com/DoorneVanessa/status/1521031497192456193,FALSE,2
1.52E+18,2022-05-02 10:38:12 Turkey Standard Time,5/2/2022,10:38:12,300,127813745,famedtrust,Family Education Trust,Draft Clinical Commissioning Policy guidance available online states that it should be given as a secondary service for trans women as âaugmentation mammoplasty should not be confused with breast enhancement in natal women.,en,https://twitter.com/FamEdTrust/status/1521031285153619969,FALSE,3
1.52E+18,2022-05-02 10:34:59 Turkey Standard Time,5/2/2022,10:34:59,300,1.47E+18,group_kq,KQ education group,An online course helps grad students design their careersÂ (opinion)  https://t.co/gT4aAk3Hcn,en,https://twitter.com/group_kq/status/1521030474025639938,FALSE,1
1.52E+18,2022-05-02 10:33:15 Turkey Standard Time,5/2/2022,10:33:15,300,1.50E+18,geniuseducati16,Genius Education India,"Degree &amp; Masters in Online Mode from UGC recognized University MBA,  https://t.co/GBYhIbZXuX, MSC, MCA,  https://t.co/ZytIcWCF3y, BBA, BCA, BSc........ Global Curriculum Get 24/7 Access to Study Material Affordable Fees . . visit  https://t.co/0XvHR9r2E6 . . #mba #bba #ba #mca #bca  https://t.co/B4APYOEPIb",en,https://twitter.com/GeniusEducati16/status/1521030039046864897,FALSE,2
1.52E+18,2022-05-02 10:27:30 Turkey Standard Time,5/2/2022,10:27:30,300,1619151054,the_parenthood,The Parenthood,"Don't miss tonight's online #Elections2022 Candidates Forum on Early Childhood Education &amp; Care! Discuss with @stuartrobertmp, @AmandaRishworth, @MehreenFaruqi, &amp; @JaneCaro &amp; tell them why Early Education matters! Register here:  https://t.co/2uoTTZP3Qa #auspol  https://t.co/lsJGzk4oCG",en,https://twitter.com/the_parenthood/status/1521028594566410240,FALSE,2